ID,Reported_Date,Reported_Hour,Reported_Year,Occurred_Date,Occurred_Hour,Occurred_Year,Time_of_Day,Weekday,Day_of_Week,Neighbourhood,Sector,Division,Ward,Councillor,Census_Tract,Level_of_Injury,x,y,Occurred_Month
1,2018-01-03 05:00:00,200,2018,2018-01-03 05:00:00,2200,2018,Evening,Wednesday,3,Elmvale - Eastway - Riverview - Riverview Park West,33,East,Ward 18 - Alta Vista,Marty Carr,5050008.0,UNKNOWN,-75.62187394,45.38819669,January
2,2018-01-05 05:00:00,1900,2018,2018-01-05 05:00:00,1900,2018,Evening,Friday,5,Overbrook - McArthur,25,Central,Ward 13 - Rideau-Rockcliffe,Rawlson King,5050012.0,UNKNOWN,-75.6472232,45.42617879,January
3,2018-01-05 05:00:00,100,2018,2018-01-04 05:00:00,2300,2018,Evening,Thursday,4,West Centertown,22,Central,Ward 14 - Somerset,Ariel Troster,5050042.0,MAJOR,-75.71054844,45.40662898,January
4,2018-01-09 05:00:00,200,2018,2018-01-09 05:00:00,2000,2018,Evening,Tuesday,2,Hunt Club East - Western Community,35,East,Ward 16 - River,Riley Brockington,5050002.05,FATAL,-75.67484888,45.34914483,January
5,2018-01-10 05:00:00,1900,2018,2018-01-10 05:00:00,1900,2018,Evening,Wednesday,3,Rockcliffe - Manor Park,25,Central,Ward 13 - Rideau-Rockcliffe,Rawlson King,5050059.0,UNKNOWN,-75.65236245,45.45080921,January
6,2018-01-13 05:00:00,200,2018,2018-01-13 05:00:00,2100,2018,Evening,Saturday,6,Bells Corners West,15,West,Ward 8 - College,Laine Johnson,5050136.02,NONE,-75.84050209,45.3160646,January
7,2018-01-16 05:00:00,1600,2018,2018-01-16 05:00:00,1600,2018,Afternoon,Tuesday,2,Ledbury - Heron Gate - Ridgemont - Elmwood,34,East,Ward 16 - River,Riley Brockington,5050001.1,MAJOR,-75.6543659,45.37400247,January
8,2018-01-18 05:00:00,600,2018,2018-01-18 05:00:00,500,2018,Night,Thursday,4,Centretown,23,Central,Ward 14 - Somerset,Ariel Troster,5050037.02,FATAL,-75.68539962,45.41518108,January
9,2018-01-18 05:00:00,200,2018,2018-01-18 05:00:00,2300,2018,Evening,Thursday,4,Hintonburg - Mechanicsville,21,Central,Ward 15 - Kitchissippi,Jeff Leiper,5050046.0,UNKNOWN,-75.73076328,45.40907958,January
10,2018-01-19 05:00:00,200,2018,2018-01-19 05:00:00,2000,2018,Evening,Friday,5,Riverside South - Leitrim,35,East,Ward 22 - Riverside South-Findlay Creek,Steve Desroches,5050126.07,NONE,-75.61237275,45.31136454,January
11,2018-01-21 05:00:00,300,2018,2018-01-21 05:00:00,300,2018,Night,Sunday,7,Bells Corners West,15,West,Ward 8 - College,Laine Johnson,5050136.02,MINOR,-75.83029314,45.31198917,January
12,2018-01-24 05:00:00,200,2018,2018-01-24 05:00:00,2300,2018,Evening,Wednesday,3,Hawthorne Meadows - Sheffield Glen,33,East,Ward 18 - Alta Vista,Marty Carr,5050010.0,MAJOR,-75.61866099,45.3984387,January
13,2018-01-30 05:00:00,1600,2018,2018-01-30 05:00:00,1600,2018,Afternoon,Tuesday,2,Ledbury - Heron Gate - Ridgemont - Elmwood,34,East,Ward 10 - Gloucester-Southgate,Jessica Bradley,5050001.09,UNKNOWN,-75.64360969,45.37524514,January
14,2018-02-01 05:00:00,1800,2018,2018-02-01 05:00:00,1800,2018,Evening,Thursday,4,Overbrook - McArthur,25,Central,Ward 13 - Rideau-Rockcliffe,Rawlson King,5050012.0,UNKNOWN,-75.64985831,45.42600837,February
15,2018-02-04 05:00:00,100,2018,2018-02-04 05:00:00,100,2018,Night,Sunday,7,Merivale Gardens - Grenfell Glen - Pineglen - Country Place,17,West,Ward 9 - Knoxdale-Merivale,Sean Devine,5050130.01,FATAL,-75.70639885,45.32886919,February
16,2018-02-11 05:00:00,1000,2018,2018-02-05 05:00:00,1300,2018,Afternoon,Monday,1,Cityview - Skyline - Fisher Heights,17,West,Ward 9 - Knoxdale-Merivale,Sean Devine,5050132.0,FATAL,-75.72785839,45.36253668,February
17,2018-02-17 05:00:00,1200,2018,2018-02-17 05:00:00,1200,2018,Afternoon,Saturday,6,Vanier South,25,Central,Ward 12 - Rideau-Vanier,StZphanie Plante,5050102.0,MAJOR,-75.66006075,45.43665711,February
18,2018-03-02 05:00:00,200,2018,2018-03-02 05:00:00,2200,2018,Evening,Friday,5,Emerald Woods - Sawmill Creek,35,East,Ward 10 - Gloucester-Southgate,Jessica Bradley,5050123.01,UNKNOWN,-75.64694642,45.3469241,March
19,2018-03-03 05:00:00,200,2018,2018-03-03 05:00:00,100,2018,Night,Saturday,6,Overbrook - McArthur,25,Central,Ward 13 - Rideau-Rockcliffe,Rawlson King,5050013.0,MAJOR,-75.65412529,45.42343751,March
20,2018-03-03 05:00:00,1900,2018,2018-03-03 05:00:00,200,2018,Night,Saturday,6,Braemar Park - Bel Air Heights - Copeland Park,17,West,Ward 8 - College,Laine Johnson,5050024.0,UNKNOWN,-75.76411245,45.35362784,March
21,2018-03-06 05:00:00,600,2018,2018-03-06 05:00:00,300,2018,Night,Tuesday,2,Bridlewood - Emerald Meadows,13,West,Ward 23 - Kanata South,Allan Hubley,5050161.05,UNKNOWN,-75.8480238,45.28043912,March
22,2018-03-12 05:00:00,1100,2018,2018-03-09 05:00:00,1200,2018,Afternoon,Friday,5,Richmond,12,West,Ward 21 - Rideau-Jock,David Brown,5050141.14,NONE,-75.77235605,45.21706536,March
23,2018-03-12 05:00:00,200,2018,2018-03-12 05:00:00,2000,2018,Evening,Monday,1,Carlingwood West - Glabar Park - McKellar Heights,14,West,Ward 7 - Bay,Theresa Kavanagh,5050031.0,MINOR,-75.77972475,45.37124797,March
24,2018-03-22 05:00:00,100,2018,2018-03-22 05:00:00,100,2018,Night,Thursday,4,Hunt Club Park,33,East,Ward 10 - Gloucester-Southgate,Jessica Bradley,5050001.08,MAJOR,-75.61047606,45.37532481,March
25,2018-03-24 05:00:00,1700,2018,2018-03-24 05:00:00,1500,2018,Afternoon,Saturday,6,West Centertown,22,Central,Ward 14 - Somerset,Ariel Troster,5050041.0,MAJOR,-75.70984773,45.40832489,March
26,2018-03-30 05:00:00,200,2018,2018-03-30 05:00:00,2100,2018,Evening,Friday,5,Katimavik - Hazeldean,13,West,Ward 4 - Kanata North,Cathy Curry,5050160.06,MAJOR,-75.887065,45.32237854,March
27,2018-03-31 05:00:00,200,2018,2018-03-31 05:00:00,2000,2018,Evening,Saturday,6,Carleton Heights - Rideauview,17,West,Ward 16 - River,Riley Brockington,5050020.01,UNKNOWN,-75.70539085,45.36992351,March
28,2018-04-10 05:00:00,0,2018,2018-04-10 05:00:00,1400,2018,Afternoon,Tuesday,2,Vanier North,25,Central,Ward 12 - Rideau-Vanier,StZphanie Plante,5050102.0,NONE,-75.66464209,45.43739276,April
29,2018-04-15 05:00:00,100,2018,2018-04-15 05:00:00,100,2018,Night,Sunday,7,South Keys - Heron Gate - Greenboro West,35,East,Ward 10 - Gloucester-Southgate,Jessica Bradley,5050001.04,MAJOR,-75.64733066,45.35363104,April
30,2018-04-16 05:00:00,1200,2018,2018-04-15 05:00:00,2300,2018,Evening,Sunday,7,Greenboro East,35,East,Ward 10 - Gloucester-Southgate,Jessica Bradley,5050001.06,UNKNOWN,-75.64533673,45.35807245,April
31,2018-04-17 05:00:00,200,2018,2018-04-17 05:00:00,2200,2018,Evening,Tuesday,2,Ledbury - Heron Gate - Ridgemont - Elmwood,34,East,Ward 10 - Gloucester-Southgate,Jessica Bradley,5050001.09,UNKNOWN,-75.65229699,45.37489601,April
32,2018-04-19 05:00:00,100,2018,2018-04-19 05:00:00,0,2018,Night,Thursday,4,Ledbury - Heron Gate - Ridgemont - Elmwood,34,East,Ward 16 - River,Riley Brockington,5050001.1,UNKNOWN,-75.65712209,45.36525048,April
33,2018-04-20 05:00:00,0,2018,2018-04-19 05:00:00,2200,2018,Evening,Thursday,4,Ledbury - Heron Gate - Ridgemont - Elmwood,34,East,Ward 18 - Alta Vista,Marty Carr,5050007.02,UNKNOWN,-75.65229699,45.37489601,April
34,2018-04-23 05:00:00,200,2018,2018-04-23 05:00:00,2000,2018,Evening,Monday,1,Crestview - Meadowlands,17,West,Ward 8 - College,Laine Johnson,5050133.0,UNKNOWN,-75.74304546,45.35660266,April
35,2018-05-05 05:00:00,300,2018,2018-05-05 05:00:00,300,2018,Night,Saturday,6,Hawthorne Meadows - Sheffield Glen,33,East,Ward 18 - Alta Vista,Marty Carr,5050010.0,NONE,-75.61866099,45.3984387,May
36,2018-05-05 05:00:00,1700,2018,2018-05-05 05:00:00,1700,2018,Afternoon,Saturday,6,Hawthorne Meadows - Sheffield Glen,33,East,Ward 18 - Alta Vista,Marty Carr,5050010.0,NONE,-75.62015415,45.39654614,May
37,2018-05-08 05:00:00,200,2018,2018-05-08 05:00:00,2300,2018,Evening,Tuesday,2,Ledbury - Heron Gate - Ridgemont - Elmwood,34,East,Ward 18 - Alta Vista,Marty Carr,5050005.0,NONE,-75.66207898,45.37534166,May
38,2018-05-22 05:00:00,100,2018,2018-05-21 05:00:00,2300,2018,Evening,Monday,1,Ledbury - Heron Gate - Ridgemont - Elmwood,34,East,Ward 10 - Gloucester-Southgate,Jessica Bradley,5050001.09,MINOR,-75.65352724,45.37252916,May
39,2018-05-25 05:00:00,200,2018,2018-05-25 05:00:00,2200,2018,Evening,Friday,5,Whitehaven - Queensway Terrace North,14,West,Ward 7 - Bay,Theresa Kavanagh,5050029.0,MAJOR,-75.80146247,45.35753435,May
40,2018-05-27 05:00:00,1900,2018,2018-05-27 05:00:00,1900,2018,Evening,Sunday,7,Greenboro East,35,East,Ward 10 - Gloucester-Southgate,Jessica Bradley,5050001.06,MAJOR,-75.64131507,45.35897621,May
41,2018-05-27 05:00:00,900,2018,2018-05-27 05:00:00,900,2018,Morning,Sunday,7,Hunt Club South Industrial,17,West,Ward 9 - Knoxdale-Merivale,Sean Devine,5050130.01,UNKNOWN,-75.71833816,45.33547565,May
42,2018-05-28 05:00:00,900,2018,2018-05-24 05:00:00,1500,2018,Afternoon,Thursday,4,Ledbury - Heron Gate - Ridgemont - Elmwood,34,East,Ward 10 - Gloucester-Southgate,Jessica Bradley,5050001.09,NONE,-75.64441358,45.37696991,May
43,2018-06-01 05:00:00,200,2018,2018-05-31 05:00:00,200,2018,Night,Thursday,4,OrlZans Village - Chateauneuf,31,East,Ward 2 - OrlZans West-Innes,Laura Dudas,5050125.05,NONE,-75.52142205,45.47067478,May
44,2018-06-09 05:00:00,200,2018,2018-06-09 05:00:00,2000,2018,Evening,Saturday,6,South Keys - Heron Gate - Greenboro West,35,East,Ward 10 - Gloucester-Southgate,Jessica Bradley,5050001.04,UNKNOWN,-75.64733066,45.35363104,June
45,2018-06-18 05:00:00,1300,2018,2018-06-15 05:00:00,1700,2018,Afternoon,Friday,5,Ledbury - Heron Gate - Ridgemont - Elmwood,34,East,Ward 10 - Gloucester-Southgate,Jessica Bradley,5050001.09,UNKNOWN,-75.64920449,45.37522595,June
46,2018-06-20 05:00:00,200,2018,2018-06-20 05:00:00,2300,2018,Evening,Wednesday,3,Ledbury - Heron Gate - Ridgemont - Elmwood,34,East,Ward 16 - River,Riley Brockington,5050001.1,NONE,-75.65712209,45.36525048,June
47,2018-06-21 05:00:00,200,2018,2018-06-21 05:00:00,2200,2018,Evening,Thursday,4,Hunt Club Park,33,East,Ward 10 - Gloucester-Southgate,Jessica Bradley,5050001.08,MINOR,-75.60025197,45.37433585,June
48,2018-06-27 05:00:00,200,2018,2018-06-27 05:00:00,2300,2018,Evening,Wednesday,3,Ledbury - Heron Gate - Ridgemont - Elmwood,34,East,Ward 10 - Gloucester-Southgate,Jessica Bradley,5050001.09,MINOR,-75.65352724,45.37252916,June
49,2018-07-02 05:00:00,200,2018,2018-07-02 05:00:00,100,2018,Night,Monday,1,Hunt Club Park,33,East,Ward 10 - Gloucester-Southgate,Jessica Bradley,5050001.07,MAJOR,-75.6026669,45.37280121,July
50,2018-07-03 05:00:00,200,2018,2018-07-03 05:00:00,2200,2018,Evening,Tuesday,2,Hunt Club Upper -Blossom Park - Timbermill,35,East,Ward 10 - Gloucester-Southgate,Jessica Bradley,5050123.04,UNKNOWN,-75.63983644,45.35392412,July
51,2018-07-05 05:00:00,200,2018,2018-07-05 05:00:00,700,2018,Morning,Thursday,4,Hunt Club East - Western Community,35,East,Ward 16 - River,Riley Brockington,5050002.05,UNKNOWN,-75.66758936,45.34641997,July
52,2018-07-05 05:00:00,200,2018,2018-07-05 05:00:00,2300,2018,Evening,Thursday,4,Greenboro East,35,East,Ward 10 - Gloucester-Southgate,Jessica Bradley,5050001.06,NONE,-75.63262133,45.36508203,July
53,2018-07-07 05:00:00,200,2018,2018-07-07 05:00:00,2300,2018,Evening,Saturday,6,Greenboro East,35,East,Ward 10 - Gloucester-Southgate,Jessica Bradley,5050001.06,UNKNOWN,-75.62560152,45.36234251,July
54,2018-07-11 05:00:00,0,2018,2018-07-11 05:00:00,0,2018,Night,Wednesday,3,Vanier North,25,Central,Ward 12 - Rideau-Vanier,StZphanie Plante,5050104.0,UNKNOWN,-75.67551839,45.44014386,July
55,2018-08-04 05:00:00,900,2018,2018-08-04 05:00:00,900,2018,Morning,Saturday,6,Ledbury - Heron Gate - Ridgemont - Elmwood,34,East,Ward 10 - Gloucester-Southgate,Jessica Bradley,5050001.09,UNKNOWN,-75.64840502,45.37304931,August
56,2018-08-19 05:00:00,400,2018,2018-08-19 05:00:00,400,2018,Night,Sunday,7,Carlington,21,Central,Ward 16 - River,Riley Brockington,5050022.0,UNKNOWN,-75.73232144,45.38509608,August
57,2018-08-22 05:00:00,400,2018,2018-08-22 05:00:00,400,2018,Night,Wednesday,3,Hunt Club Park,33,East,Ward 10 - Gloucester-Southgate,Jessica Bradley,5050001.06,UNKNOWN,-75.62214397,45.36944568,August
58,2018-08-26 05:00:00,0,2018,2018-08-26 05:00:00,0,2018,Night,Sunday,7,Hunt Club Woods - Quintarra - Revelstoke,35,East,Ward 16 - River,Riley Brockington,5050002.06,NONE,-75.68994314,45.34309772,August
59,2018-09-01 05:00:00,100,2018,2018-09-01 05:00:00,100,2018,Night,Saturday,6,South Keys - Heron Gate - Greenboro West,35,East,Ward 10 - Gloucester-Southgate,Jessica Bradley,5050001.04,MINOR,-75.64733066,45.35363104,September
60,2018-09-21 05:00:00,1200,2018,2018-09-21 05:00:00,1100,2018,Morning,Friday,5,Lowertown,24,Central,Ward 12 - Rideau-Vanier,StZphanie Plante,5050053.0,MINOR,-75.68577952,45.42875376,September
61,2018-09-22 05:00:00,1900,2018,2018-09-22 05:00:00,1900,2018,Evening,Saturday,6,South Keys - Heron Gate - Greenboro West,35,East,Ward 10 - Gloucester-Southgate,Jessica Bradley,5050001.04,NONE,-75.65254685,45.3540855,September
62,2018-09-25 05:00:00,200,2018,2018-09-25 05:00:00,2100,2018,Evening,Tuesday,2,Hunt Club Park,33,East,Ward 10 - Gloucester-Southgate,Jessica Bradley,5050001.07,MINOR,-75.60316924,45.37260124,September
63,2018-10-06 05:00:00,1700,2018,2018-10-06 05:00:00,1700,2018,Afternoon,Saturday,6,Carlington,21,Central,Ward 16 - River,Riley Brockington,5050022.0,MINOR,-75.73332104,45.3786542,October
64,2018-10-16 05:00:00,100,2018,2018-10-16 05:00:00,0,2018,Night,Tuesday,2,Bayshore,14,West,Ward 7 - Bay,Theresa Kavanagh,5050138.0,MAJOR,-75.80077059,45.3479261,October
65,2018-10-16 05:00:00,1800,2018,2018-10-16 05:00:00,1800,2018,Evening,Tuesday,2,Emerald Woods - Sawmill Creek,35,East,Ward 10 - Gloucester-Southgate,Jessica Bradley,5050123.01,UNKNOWN,-75.64708864,45.34648509,October
66,2018-10-20 05:00:00,900,2018,2018-10-20 05:00:00,100,2018,Night,Saturday,6,Barrhaven,16,West,Ward 3 - Barrhaven West,David Hill,5050140.05,UNKNOWN,-75.74874374,45.27263387,October
67,2018-10-26 05:00:00,100,2018,2018-10-26 05:00:00,100,2018,Night,Friday,5,Overbrook - McArthur,25,Central,Ward 12 - Rideau-Vanier,StZphanie Plante,5050101.0,NONE,-75.67030365,45.43352665,October
68,2018-10-29 05:00:00,200,2018,2018-10-29 05:00:00,2300,2018,Evening,Monday,1,Britannia Village,14,West,Ward 7 - Bay,Theresa Kavanagh,5050029.0,MAJOR,-75.8011136,45.35775682,October
69,2018-10-29 05:00:00,300,2018,2018-10-29 05:00:00,300,2018,Night,Monday,1,Hintonburg - Mechanicsville,21,Central,Ward 15 - Kitchissippi,Jeff Leiper,5050046.0,NONE,-75.72919382,45.40635119,October
70,2018-10-29 05:00:00,900,2018,2018-10-29 05:00:00,900,2018,Morning,Monday,1,Centretown,23,Central,Ward 14 - Somerset,Ariel Troster,5050040.0,MINOR,-75.70278433,45.4109574,October
71,2018-11-08 05:00:00,1800,2018,2018-11-08 05:00:00,1800,2018,Evening,Thursday,4,Overbrook - McArthur,25,Central,Ward 13 - Rideau-Rockcliffe,Rawlson King,5050013.0,UNKNOWN,-75.65237529,45.4251902,November
72,2018-11-13 05:00:00,1900,2018,2018-11-13 05:00:00,1900,2018,Evening,Tuesday,2,Greenboro East,35,East,Ward 10 - Gloucester-Southgate,Jessica Bradley,5050001.05,UNKNOWN,-75.62963064,45.36975024,November
73,2018-11-21 05:00:00,200,2018,2018-11-21 05:00:00,2200,2018,Evening,Wednesday,3,Billings Bridge - Alta Vista,34,East,Ward 17 - Capital,Shawn Menard,5050004.0,NONE,-75.67998506,45.38385944,November
74,2018-11-23 05:00:00,1800,2018,2018-11-23 05:00:00,1800,2018,Evening,Friday,5,South Keys - Heron Gate - Greenboro West,35,East,Ward 10 - Gloucester-Southgate,Jessica Bradley,5050001.04,FATAL,-75.65688543,45.36037885,November
75,2018-11-27 05:00:00,1500,2018,2018-11-10 05:00:00,400,2018,Night,Saturday,6,Carson Grove - Carson Meadows,32,East,Ward 13 - Rideau-Rockcliffe,Rawlson King,5050062.01,NONE,-75.62491931,45.44298937,November
76,2018-11-29 05:00:00,200,2018,2018-11-29 05:00:00,2200,2018,Evening,Thursday,4,Hunt Club Park,33,East,Ward 10 - Gloucester-Southgate,Jessica Bradley,5050001.07,MAJOR,-75.61434699,45.36945174,November
77,2018-12-23 05:00:00,200,2018,2018-12-23 05:00:00,2200,2018,Evening,Sunday,7,Byward Market,24,Central,Ward 12 - Rideau-Vanier,StZphanie Plante,5050054.0,MINOR,-75.69172846,45.42717568,December
78,2019-01-05 05:00:00,400,2019,2019-01-05 05:00:00,400,2019,Night,Saturday,6,Whitehaven - Queensway Terrace North,14,West,Ward 7 - Bay,Theresa Kavanagh,5050028.0,MINOR,-75.79274319,45.34810025,January
79,2019-01-12 05:00:00,700,2019,2019-01-12 05:00:00,700,2019,Morning,Saturday,6,Overbrook - McArthur,25,Central,Ward 13 - Rideau-Rockcliffe,Rawlson King,5050013.0,NONE,-75.65741581,45.42481357,January
80,2019-01-14 05:00:00,200,2019,2019-01-14 05:00:00,2000,2019,Evening,Monday,1,Britannia Village,14,West,Ward 7 - Bay,Theresa Kavanagh,5050029.0,MAJOR,-75.8011136,45.35775682,January
81,2019-01-15 05:00:00,200,2019,2019-01-03 05:00:00,2300,2019,Evening,Thursday,4,Riverside Park,34,East,Ward 16 - River,Riley Brockington,5050003.0,NONE,-75.68548347,45.36933334,January
82,2019-01-16 05:00:00,200,2019,2019-01-12 05:00:00,2300,2019,Evening,Saturday,6,Vanier North,25,Central,Ward 12 - Rideau-Vanier,StZphanie Plante,5050101.0,NONE,-75.66454918,45.43675921,January
83,2019-01-16 05:00:00,1800,2019,2019-01-16 05:00:00,1700,2019,Afternoon,Wednesday,3,Vanier North,25,Central,Ward 12 - Rideau-Vanier,StZphanie Plante,5050101.0,MAJOR,-75.66539973,45.4354186,January
84,2019-01-21 05:00:00,200,2019,2019-01-21 05:00:00,2000,2019,Evening,Monday,1,Pineview,32,East,Ward 11 - Beacon Hill-Cyrville,Tim Tierney,5050122.02,NONE,-75.60201658,45.41852424,January
85,2019-01-22 05:00:00,200,2019,2019-01-22 05:00:00,2000,2019,Evening,Tuesday,2,Vanier North,25,Central,Ward 12 - Rideau-Vanier,StZphanie Plante,5050103.0,MAJOR,-75.66132325,45.44140882,January
86,2019-01-24 05:00:00,200,2019,2019-01-24 05:00:00,2300,2019,Evening,Thursday,4,Cityview - Skyline - Fisher Heights,17,West,Ward 9 - Knoxdale-Merivale,Sean Devine,5050132.0,MINOR,-75.72815314,45.36151282,January
87,2019-01-31 05:00:00,200,2019,2019-01-31 05:00:00,2000,2019,Evening,Thursday,4,Cummings,32,East,Ward 11 - Beacon Hill-Cyrville,Tim Tierney,5050122.03,MAJOR,-75.62827917,45.42568347,January
88,2019-02-01 05:00:00,1700,2019,2019-02-01 05:00:00,1700,2019,Afternoon,Friday,5,Lowertown,24,Central,Ward 12 - Rideau-Vanier,StZphanie Plante,5050053.0,NONE,-75.68754346,45.42801394,February
89,2019-02-02 05:00:00,100,2019,2019-02-02 05:00:00,100,2019,Night,Saturday,6,Civic Hospital-Central Park,21,Central,Ward 15 - Kitchissippi,Jeff Leiper,5050034.0,MINOR,-75.7227306,45.39395241,February
90,2019-02-06 05:00:00,200,2019,2019-02-06 05:00:00,200,2019,Night,Wednesday,3,Kanata Lakes - Marchwood Lakeside - Morgan's Grant - Kanata North Business Park,13,West,Ward 4 - Kanata North,Cathy Curry,5050160.11,UNKNOWN,-75.92092072,45.34946519,February
91,2019-02-12 05:00:00,900,2019,2018-12-30 05:00:00,100,2018,Night,Sunday,7,Greenbelt - Shirleys Bay,14,West,Ward 7 - Bay,Theresa Kavanagh,5050141.14,UNKNOWN,-75.84652283,45.35351359,December
92,2019-02-20 05:00:00,200,2019,2019-02-20 05:00:00,200,2019,Night,Wednesday,3,Elmvale - Eastway - Riverview - Riverview Park West,33,East,Ward 18 - Alta Vista,Marty Carr,5050011.04,MINOR,-75.65015344,45.40572581,February
93,2019-03-16 05:00:00,1200,2019,2019-03-16 05:00:00,1200,2019,Afternoon,Saturday,6,OrlZans Village - Chateauneuf,31,East,Ward 2 - OrlZans West-Innes,Laura Dudas,5050125.09,UNKNOWN,-75.52864383,45.45229835,March
94,2019-03-29 05:00:00,0,2019,2019-03-29 05:00:00,1400,2019,Afternoon,Friday,5,OrlZans Village - Chateauneuf,31,East,Ward 2 - OrlZans West-Innes,Laura Dudas,5050125.08,UNKNOWN,-75.51861642,45.45473221,March
95,2019-04-01 05:00:00,200,2019,2019-04-01 05:00:00,2200,2019,Evening,Monday,1,Civic Hospital-Central Park,21,Central,Ward 16 - River,Riley Brockington,5050020.01,NONE,-75.71457821,45.36812905,April
96,2019-04-13 05:00:00,200,2019,2019-04-13 05:00:00,2200,2019,Evening,Saturday,6,Ledbury - Heron Gate - Ridgemont - Elmwood,34,East,Ward 10 - Gloucester-Southgate,Jessica Bradley,5050001.09,MINOR,-75.64840502,45.37304931,April
97,2019-04-18 05:00:00,200,2019,2019-04-18 05:00:00,200,2019,Night,Thursday,4,Byward Market,24,Central,Ward 12 - Rideau-Vanier,StZphanie Plante,5050054.0,FATAL,-75.69403833,45.42756762,April
98,2019-04-25 05:00:00,100,2019,2019-04-25 05:00:00,100,2019,Night,Thursday,4,Ledbury - Heron Gate - Ridgemont - Elmwood,34,East,Ward 18 - Alta Vista,Marty Carr,5050005.0,MINOR,-75.66207898,45.37534166,April
99,2019-04-29 05:00:00,1400,2019,2019-04-26 05:00:00,1700,2019,Afternoon,Friday,5,Hintonburg - Mechanicsville,21,Central,Ward 15 - Kitchissippi,Jeff Leiper,5050043.0,UNKNOWN,-75.71570968,45.40334205,April
100,2019-05-03 05:00:00,100,2019,2019-05-03 05:00:00,100,2019,Night,Friday,5,Civic Hospital-Central Park,21,Central,Ward 15 - Kitchissippi,Jeff Leiper,5050034.0,MINOR,-75.7227306,45.39395241,May
101,2019-05-15 05:00:00,200,2019,2019-05-15 05:00:00,2100,2019,Evening,Wednesday,3,Overbrook - McArthur,25,Central,Ward 13 - Rideau-Rockcliffe,Rawlson King,5050012.0,MAJOR,-75.65144367,45.42660724,May
102,2019-05-23 05:00:00,500,2019,2019-05-23 05:00:00,500,2019,Night,Thursday,4,Centretown,23,Central,Ward 14 - Somerset,Ariel Troster,5050040.0,UNKNOWN,-75.69743127,45.41317229,May
103,2019-05-24 05:00:00,0,2019,2019-05-23 05:00:00,2300,2019,Evening,Thursday,4,Hunt Club Park,33,East,Ward 10 - Gloucester-Southgate,Jessica Bradley,5050001.08,UNKNOWN,-75.60025197,45.37433585,May
104,2019-05-27 05:00:00,200,2019,2019-05-27 05:00:00,2200,2019,Evening,Monday,1,Ledbury - Heron Gate - Ridgemont - Elmwood,34,East,Ward 10 - Gloucester-Southgate,Jessica Bradley,5050001.09,FATAL,-75.64840502,45.37304931,May
105,2019-05-30 05:00:00,200,2019,2019-05-30 05:00:00,2300,2019,Evening,Thursday,4,Lowertown,24,Central,Ward 12 - Rideau-Vanier,StZphanie Plante,5050056.0,MAJOR,-75.68457337,45.43264156,May
106,2019-05-30 05:00:00,300,2019,2019-05-30 05:00:00,200,2019,Night,Thursday,4,Centretown,23,Central,Ward 14 - Somerset,Ariel Troster,5050040.0,UNKNOWN,-75.70117876,45.41428124,May
107,2019-06-02 05:00:00,700,2019,2019-06-02 05:00:00,700,2019,Morning,Sunday,7,Centretown,23,Central,Ward 14 - Somerset,Ariel Troster,5050039.0,UNKNOWN,-75.70088898,45.40584191,June
108,2019-06-07 05:00:00,200,2019,2019-06-07 05:00:00,2100,2019,Evening,Friday,5,Byward Market,24,Central,Ward 12 - Rideau-Vanier,StZphanie Plante,5050054.0,FATAL,-75.69321295,45.42816761,June
109,2019-06-10 05:00:00,1800,2019,2019-06-10 05:00:00,1800,2019,Evening,Monday,1,Emerald Woods - Sawmill Creek,35,East,Ward 10 - Gloucester-Southgate,Jessica Bradley,5050123.01,UNKNOWN,-75.64937124,45.34947084,June
110,2019-06-15 05:00:00,1800,2019,2019-06-15 05:00:00,1800,2019,Evening,Saturday,6,Greenboro East,35,East,Ward 10 - Gloucester-Southgate,Jessica Bradley,5050001.05,MAJOR,-75.63742832,45.36528203,June
111,2019-06-19 05:00:00,200,2019,2019-06-19 05:00:00,2000,2019,Evening,Wednesday,3,Ledbury - Heron Gate - Ridgemont - Elmwood,34,East,Ward 18 - Alta Vista,Marty Carr,5050007.02,UNKNOWN,-75.65284776,45.37961428,June
112,2019-06-22 05:00:00,0,2019,2019-06-22 05:00:00,1400,2019,Afternoon,Saturday,6,Centretown,23,Central,Ward 14 - Somerset,Ariel Troster,5050038.0,UNKNOWN,-75.69854559,45.41791657,June
113,2019-06-22 05:00:00,1600,2019,2019-06-22 05:00:00,1600,2019,Afternoon,Saturday,6,Britannia Village,14,West,Ward 7 - Bay,Theresa Kavanagh,5050029.0,MAJOR,-75.8011136,45.35775682,June
114,2019-07-01 05:00:00,300,2019,2019-07-01 05:00:00,300,2019,Night,Monday,1,Byward Market,24,Central,Ward 12 - Rideau-Vanier,StZphanie Plante,5050054.0,NONE,-75.69031574,45.42790414,July
115,2019-07-02 05:00:00,200,2019,2019-07-02 05:00:00,2100,2019,Evening,Tuesday,2,Overbrook - McArthur,25,Central,Ward 13 - Rideau-Rockcliffe,Rawlson King,5050013.0,MAJOR,-75.65237529,45.4251902,July
116,2019-07-06 05:00:00,600,2019,2019-07-06 05:00:00,400,2019,Night,Saturday,6,Lowertown,24,Central,Ward 12 - Rideau-Vanier,StZphanie Plante,5050056.0,UNKNOWN,-75.68564138,45.433918,July
117,2019-07-10 05:00:00,600,2019,2019-07-10 05:00:00,500,2019,Night,Wednesday,3,Whitehaven - Queensway Terrace North,14,West,Ward 7 - Bay,Theresa Kavanagh,5050028.0,NONE,-75.79274319,45.34810025,July
118,2019-07-13 05:00:00,200,2019,2019-07-13 05:00:00,2000,2019,Evening,Saturday,6,Hunt Club Park,33,East,Ward 10 - Gloucester-Southgate,Jessica Bradley,5050001.07,MINOR,-75.61707141,45.36878945,July
119,2019-07-19 05:00:00,1900,2019,2019-07-19 05:00:00,1800,2019,Evening,Friday,5,Centretown,23,Central,Ward 14 - Somerset,Ariel Troster,5050040.0,MAJOR,-75.70117876,45.41428124,July
120,2019-07-26 05:00:00,200,2019,2019-07-26 05:00:00,100,2019,Night,Friday,5,Lowertown,24,Central,Ward 12 - Rideau-Vanier,StZphanie Plante,5050056.0,NONE,-75.68457337,45.43264156,July
121,2019-08-02 05:00:00,900,2019,2019-08-02 05:00:00,900,2019,Morning,Friday,5,Centretown,23,Central,Ward 14 - Somerset,Ariel Troster,5050037.01,NONE,-75.69293828,45.41769745,August
122,2019-08-03 05:00:00,200,2019,2019-08-03 05:00:00,2200,2019,Evening,Saturday,6,Glebe - Dows Lake,22,Central,Ward 17 - Capital,Shawn Menard,5050019.0,UNKNOWN,-75.69126235,45.40099854,August
123,2019-08-08 05:00:00,0,2019,2019-08-08 05:00:00,0,2019,Night,Thursday,4,Britannia Village,14,West,Ward 7 - Bay,Theresa Kavanagh,5050029.0,MINOR,-75.8011136,45.35775682,August
124,2019-08-24 05:00:00,400,2019,2019-08-24 05:00:00,400,2019,Night,Saturday,6,Bayshore,14,West,Ward 7 - Bay,Theresa Kavanagh,5050138.0,MAJOR,-75.80554963,45.3549096,August
125,2019-08-25 05:00:00,1300,2019,2019-08-24 05:00:00,1800,2019,Evening,Saturday,6,Osgoode,36,East,Ward 20 - Osgoode,George Darouze,5050191.02,UNKNOWN,-75.56733749,45.16892448,August
126,2019-08-30 05:00:00,100,2019,2019-08-30 05:00:00,100,2019,Night,Friday,5,Overbrook - McArthur,25,Central,Ward 13 - Rideau-Rockcliffe,Rawlson King,5050013.0,NONE,-75.65731005,45.42419188,August
127,2019-08-31 05:00:00,0,2019,2019-08-31 05:00:00,0,2019,Night,Saturday,6,Ottawa East,22,Central,Ward 17 - Capital,Shawn Menard,5050015.0,UNKNOWN,-75.6711607,45.41556455,August
128,2019-09-02 05:00:00,1400,2019,2019-09-02 05:00:00,1400,2019,Afternoon,Monday,1,Overbrook - McArthur,25,Central,Ward 13 - Rideau-Rockcliffe,Rawlson King,5050012.0,UNKNOWN,-75.63999924,45.42894909,September
129,2019-09-07 05:00:00,600,2019,2019-09-07 05:00:00,400,2019,Night,Saturday,6,New Barrhaven - New Development - Stonebridge,16,West,Ward 24 - Barrhaven East,Wilson Lo,5050141.13,MAJOR,-75.71339161,45.26657658,September
130,2019-09-14 05:00:00,300,2019,2019-09-14 05:00:00,300,2019,Night,Saturday,6,Hunt Club Park,33,East,Ward 10 - Gloucester-Southgate,Jessica Bradley,5050001.07,UNKNOWN,-75.62058027,45.37006683,September
131,2019-09-23 05:00:00,0,2019,2019-09-23 05:00:00,0,2019,Night,Monday,1,Hawthorne Meadows - Sheffield Glen,33,East,Ward 18 - Alta Vista,Marty Carr,5050010.0,NONE,-75.62250873,45.39891349,September
132,2019-09-29 05:00:00,200,2019,2019-09-29 05:00:00,2000,2019,Evening,Sunday,7,OrlZans Avalon - Notting Gate - Fallingbrook - Gardenway South,31,East,Ward 1 - OrlZans East-Cumberland,Matthew Luloff,5050170.1,MINOR,-75.49611603,45.47981358,September
133,2019-10-04 05:00:00,300,2019,2019-10-04 05:00:00,300,2019,Night,Friday,5,OrlZans Chapel Hill,31,East,Ward 2 - OrlZans West-Innes,Laura Dudas,5050125.07,UNKNOWN,-75.52872825,45.4622785,October
134,2019-10-05 05:00:00,200,2019,2019-10-05 05:00:00,2300,2019,Evening,Saturday,6,Bayshore,14,West,Ward 7 - Bay,Theresa Kavanagh,5050138.0,UNKNOWN,-75.80974344,45.34679763,October
135,2019-10-06 05:00:00,200,2019,2019-10-06 05:00:00,200,2019,Night,Sunday,7,Crestview - Meadowlands,17,West,Ward 8 - College,Laine Johnson,5050133.0,NONE,-75.75438641,45.34679414,October
136,2019-10-08 05:00:00,1800,2019,2019-10-08 05:00:00,1800,2019,Evening,Tuesday,2,Hunt Club Park,33,East,Ward 10 - Gloucester-Southgate,Jessica Bradley,5050001.07,MAJOR,-75.60316924,45.37260124,October
137,2019-10-12 05:00:00,1200,2019,2019-10-12 05:00:00,1200,2019,Afternoon,Saturday,6,Ledbury - Heron Gate - Ridgemont - Elmwood,34,East,Ward 16 - River,Riley Brockington,5050001.1,UNKNOWN,-75.65712209,45.36525048,October
138,2019-10-15 05:00:00,100,2019,2019-10-15 05:00:00,100,2019,Night,Tuesday,2,OrlZans North West,31,East,Ward 2 - OrlZans West-Innes,Laura Dudas,5050124.04,UNKNOWN,-75.53782912,45.47473085,October
139,2019-10-20 05:00:00,500,2019,2019-10-20 05:00:00,500,2019,Night,Sunday,7,Borden Farm - Stewart Farm - Parkwood Hills - Fisher Glen,17,West,Ward 9 - Knoxdale-Merivale,Sean Devine,5050131.02,MINOR,-75.71873661,45.35659846,October
140,2019-10-20 05:00:00,600,2019,2019-10-20 05:00:00,600,2019,Morning,Sunday,7,Sandy Hill - Ottawa East,24,Central,Ward 12 - Rideau-Vanier,StZphanie Plante,5050050.0,UNKNOWN,-75.6828188,45.42226258,October
141,2019-10-20 05:00:00,0,2019,2019-10-20 05:00:00,0,2019,Night,Sunday,7,Westboro,21,Central,Ward 15 - Kitchissippi,Jeff Leiper,5050045.02,NONE,-75.75873087,45.39620743,October
142,2019-10-21 05:00:00,200,2019,2019-10-21 05:00:00,300,2019,Night,Monday,1,Vanier North,25,Central,Ward 12 - Rideau-Vanier,StZphanie Plante,5050104.0,UNKNOWN,-75.66481534,45.43864484,October
143,2019-10-26 05:00:00,500,2019,2019-10-26 05:00:00,500,2019,Night,Saturday,6,OrlZans Avalon - Notting Gate - Fallingbrook - Gardenway South,31,East,Ward 19 - OrlZans South-Navan,Catherine Kitts,5050171.15,NONE,-75.47964584,45.45271201,October
144,2019-11-11 05:00:00,1100,2019,2019-11-11 05:00:00,1100,2019,Morning,Monday,1,Iris,15,West,Ward 8 - College,Laine Johnson,5050026.0,NONE,-75.78675482,45.34397428,November
145,2019-11-15 05:00:00,0,2019,2019-11-13 05:00:00,400,2019,Night,Wednesday,3,Crestview - Meadowlands,17,West,Ward 8 - College,Laine Johnson,5050134.0,UNKNOWN,-75.73852143,45.34898925,November
146,2019-11-20 05:00:00,800,2019,2019-11-20 05:00:00,600,2019,Morning,Wednesday,3,Cityview - Skyline - Fisher Heights,17,West,Ward 9 - Knoxdale-Merivale,Sean Devine,5050132.0,MAJOR,-75.73500899,45.35346723,November
147,2019-11-27 05:00:00,1600,2019,2019-11-27 05:00:00,1600,2019,Afternoon,Wednesday,3,Hunt Club Park,33,East,Ward 10 - Gloucester-Southgate,Jessica Bradley,5050001.07,FATAL,-75.61683458,45.36843811,November
148,2019-12-07 05:00:00,1900,2019,2019-12-07 05:00:00,1900,2019,Evening,Saturday,6,Carleton Heights - Rideauview,17,West,Ward 16 - River,Riley Brockington,5050020.01,UNKNOWN,-75.70321101,45.36746429,December
149,2019-12-27 05:00:00,700,2019,2019-12-27 05:00:00,400,2019,Night,Friday,5,Lowertown,24,Central,Ward 12 - Rideau-Vanier,StZphanie Plante,5050056.0,UNKNOWN,-75.68457337,45.43264156,December
150,2019-12-28 05:00:00,500,2019,2019-12-28 05:00:00,500,2019,Night,Saturday,6,Carleton Heights - Rideauview,17,West,Ward 16 - River,Riley Brockington,5050020.01,UNKNOWN,-75.70321101,45.36746429,December
151,2019-12-31 05:00:00,200,2019,2019-12-31 05:00:00,2000,2019,Evening,Tuesday,2,Centretown,23,Central,Ward 14 - Somerset,Ariel Troster,5050038.0,UNKNOWN,-75.69493267,45.41686844,December
152,2020-01-01 05:00:00,800,2020,2020-01-01 05:00:00,400,2020,Night,Wednesday,3,Chapman Mills - Rideau Crest - Davidson Heights,16,West,Ward 24 - Barrhaven East,Wilson Lo,5050141.13,UNKNOWN,-75.71135634,45.264826,January
153,2020-01-02 05:00:00,0,2020,2020-01-01 05:00:00,2200,2020,Evening,Wednesday,3,West Centertown,22,Central,Ward 14 - Somerset,Ariel Troster,5050041.0,MAJOR,-75.70574799,45.41145092,January
154,2020-01-08 05:00:00,700,2020,2020-01-08 05:00:00,700,2020,Morning,Wednesday,3,Centretown,23,Central,Ward 14 - Somerset,Ariel Troster,5050040.0,FATAL,-75.69743127,45.41317229,January
155,2020-02-08 05:00:00,200,2020,2020-02-08 05:00:00,2100,2020,Evening,Saturday,6,Bells Corners West,15,West,Ward 8 - College,Laine Johnson,5050136.02,MAJOR,-75.83128409,45.31339879,February
156,2020-03-15 05:00:00,1300,2020,2020-03-15 05:00:00,1300,2020,Afternoon,Sunday,7,Bells Corners West,15,West,Ward 8 - College,Laine Johnson,5050136.02,MINOR,-75.84189962,45.31853578,March
157,2020-03-25 05:00:00,1500,2020,2020-03-25 05:00:00,1100,2020,Morning,Wednesday,3,Carleton Heights - Rideauview,17,West,Ward 16 - River,Riley Brockington,5050020.01,UNKNOWN,-75.70786821,45.36794088,March
158,2020-03-26 05:00:00,200,2020,2020-03-26 05:00:00,2100,2020,Evening,Thursday,4,Centretown,23,Central,Ward 14 - Somerset,Ariel Troster,5050039.0,UNKNOWN,-75.70219935,45.40532015,March
159,2020-04-01 05:00:00,1400,2020,2020-04-01 05:00:00,1400,2020,Afternoon,Wednesday,3,Ottawa South,22,Central,Ward 17 - Capital,Shawn Menard,5050020.01,NONE,-75.69582465,45.38889202,April
160,2020-04-15 05:00:00,200,2020,2020-04-15 05:00:00,2300,2020,Evening,Wednesday,3,Bayshore,14,West,Ward 7 - Bay,Theresa Kavanagh,5050138.0,UNKNOWN,-75.80646251,45.35149069,April
161,2020-05-01 05:00:00,200,2020,2020-05-01 05:00:00,2200,2020,Evening,Friday,5,Cummings,32,East,Ward 11 - Beacon Hill-Cyrville,Tim Tierney,5050122.01,MAJOR,-75.63401239,45.42682516,May
162,2020-05-09 05:00:00,0,2020,2020-05-09 05:00:00,0,2020,Night,Saturday,6,Munster,12,West,Ward 21 - Rideau-Jock,David Brown,5050151.09,NONE,-75.9819218,45.20261343,May
163,2020-05-09 05:00:00,200,2020,2020-05-09 05:00:00,2000,2020,Evening,Saturday,6,Bells Corners East,15,West,Ward 8 - College,Laine Johnson,5050136.01,NONE,-75.82793595,45.31572537,May
164,2020-05-17 05:00:00,200,2020,2020-05-17 05:00:00,2000,2020,Evening,Sunday,7,Bells Corners West,15,West,Ward 8 - College,Laine Johnson,5050136.02,UNKNOWN,-75.83757562,45.31635107,May
165,2020-06-01 05:00:00,1800,2020,2020-06-01 05:00:00,1800,2020,Evening,Monday,1,Iris,15,West,Ward 8 - College,Laine Johnson,5050026.0,NONE,-75.77465424,45.35306183,June
166,2020-06-01 05:00:00,1700,2020,2020-06-01 05:00:00,1700,2020,Afternoon,Monday,1,Overbrook - McArthur,25,Central,Ward 13 - Rideau-Rockcliffe,Rawlson King,5050013.0,MINOR,-75.65526217,45.4278392,June
167,2020-06-01 05:00:00,1300,2020,2020-06-01 05:00:00,500,2020,Night,Monday,1,Qualicum - Redwood Park,15,West,Ward 8 - College,Laine Johnson,5050027.0,NONE,-75.79067818,45.34385772,June
168,2020-06-01 05:00:00,600,2020,2020-06-01 05:00:00,600,2020,Morning,Monday,1,Iris,15,West,Ward 8 - College,Laine Johnson,5050026.0,NONE,-75.7708295,45.34917518,June
169,2020-06-06 05:00:00,1400,2020,2020-06-05 05:00:00,2300,2020,Evening,Friday,5,Qualicum - Redwood Park,15,West,Ward 8 - College,Laine Johnson,5050027.0,UNKNOWN,-75.79283376,45.34598579,June
170,2020-06-10 05:00:00,800,2020,2020-06-09 05:00:00,2000,2020,Evening,Tuesday,2,Cummings,32,East,Ward 13 - Rideau-Rockcliffe,Rawlson King,5050061.0,UNKNOWN,-75.63681936,45.43382935,June
171,2020-06-19 05:00:00,100,2020,2020-06-19 05:00:00,100,2020,Night,Friday,5,Byward Market,24,Central,Ward 12 - Rideau-Vanier,StZphanie Plante,5050054.0,MAJOR,-75.6917611,45.42960613,June
172,2020-06-29 05:00:00,200,2020,2020-06-29 05:00:00,2100,2020,Evening,Monday,1,Whitehaven - Queensway Terrace North,14,West,Ward 7 - Bay,Theresa Kavanagh,5050028.0,NONE,-75.79274319,45.34810025,June
173,2020-06-29 05:00:00,200,2020,2020-06-29 05:00:00,2000,2020,Evening,Monday,1,Bayshore,14,West,Ward 7 - Bay,Theresa Kavanagh,5050029.0,MINOR,-75.80376564,45.35571762,June
174,2020-07-13 05:00:00,200,2020,2020-07-13 05:00:00,2100,2020,Evening,Monday,1,Munster,12,West,Ward 21 - Rideau-Jock,David Brown,5050151.09,UNKNOWN,-75.89315278,45.1256032,July
175,2020-07-14 05:00:00,900,2020,2020-07-13 05:00:00,1700,2020,Afternoon,Monday,1,Hunt Club South Industrial,17,West,Ward 9 - Knoxdale-Merivale,Sean Devine,5050130.01,UNKNOWN,-75.70805053,45.34265354,July
176,2020-07-23 05:00:00,200,2020,2020-07-23 05:00:00,2300,2020,Evening,Thursday,4,Glen Cairn - Kanata South Business Park,13,West,Ward 23 - Kanata South,Allan Hubley,5050162.03,NONE,-75.87981806,45.29068963,July
177,2020-07-25 05:00:00,200,2020,2020-07-25 05:00:00,2300,2020,Evening,Saturday,6,Britannia Village,14,West,Ward 7 - Bay,Theresa Kavanagh,5050029.0,NONE,-75.8011136,45.35775682,July
178,2020-07-27 05:00:00,0,2020,2020-07-27 05:00:00,0,2020,Night,Monday,1,Bayshore,14,West,Ward 7 - Bay,Theresa Kavanagh,5050138.0,NONE,-75.80738781,45.35271728,July
179,2020-07-27 05:00:00,1700,2020,2020-07-27 05:00:00,1600,2020,Afternoon,Monday,1,Carson Grove - Carson Meadows,32,East,Ward 13 - Rideau-Rockcliffe,Rawlson King,5050062.01,FATAL,-75.63149848,45.44355237,July
180,2020-07-27 05:00:00,0,2020,2020-07-27 05:00:00,0,2020,Night,Monday,1,Carlington,21,Central,Ward 16 - River,Riley Brockington,5050021.0,NONE,-75.72868029,45.37720116,July
181,2020-07-28 05:00:00,400,2020,2020-07-28 05:00:00,400,2020,Night,Tuesday,2,Whitehaven - Queensway Terrace North,14,West,Ward 7 - Bay,Theresa Kavanagh,5050028.0,NONE,-75.79382431,45.35668936,July
182,2020-07-29 05:00:00,200,2020,2020-07-29 05:00:00,2000,2020,Evening,Wednesday,3,Bridlewood - Emerald Meadows,13,West,Ward 23 - Kanata South,Allan Hubley,5050151.08,NONE,-75.86396718,45.27905633,July
183,2020-07-29 05:00:00,100,2020,2020-07-29 05:00:00,100,2020,Night,Wednesday,3,Britannia Village,14,West,Ward 7 - Bay,Theresa Kavanagh,5050029.0,UNKNOWN,-75.8011136,45.35775682,July
184,2020-08-05 05:00:00,700,2020,2020-08-05 05:00:00,700,2020,Morning,Wednesday,3,Whitehaven - Queensway Terrace North,14,West,Ward 7 - Bay,Theresa Kavanagh,5050029.0,NONE,-75.80111014,45.35473854,August
185,2020-08-20 05:00:00,200,2020,2020-08-20 05:00:00,200,2020,Night,Thursday,4,Billings Bridge - Alta Vista,34,East,Ward 18 - Alta Vista,Marty Carr,5050005.0,UNKNOWN,-75.67475041,45.3868278,August
186,2020-08-21 05:00:00,100,2020,2020-08-21 05:00:00,0,2020,Night,Friday,5,Whitehaven - Queensway Terrace North,14,West,Ward 7 - Bay,Theresa Kavanagh,5050029.0,FATAL,-75.79616654,45.35610746,August
187,2020-08-22 05:00:00,200,2020,2020-08-22 05:00:00,2000,2020,Evening,Saturday,6,Riverside Park,34,East,Ward 16 - River,Riley Brockington,5050003.0,MINOR,-75.69875888,45.37577408,August
188,2020-08-23 05:00:00,1700,2020,2020-08-23 05:00:00,1700,2020,Afternoon,Sunday,7,Woodvale - Craig Henry - Manordale - Estates of Arlington Woods,15,West,Ward 9 - Knoxdale-Merivale,Sean Devine,5050135.03,MAJOR,-75.77052005,45.32666906,August
189,2020-09-18 05:00:00,1000,2020,2020-09-18 05:00:00,1000,2020,Morning,Friday,5,OrlZans Village - Chateauneuf,31,East,Ward 2 - OrlZans West-Innes,Laura Dudas,5050125.05,NOT APPLICABLE,-75.51571892,45.46768322,September
190,2020-09-18 05:00:00,1500,2020,2020-09-14 05:00:00,1400,2020,Afternoon,Monday,1,Riverside Park,34,East,Ward 16 - River,Riley Brockington,5050003.0,MAJOR,-75.69097069,45.37307982,September
191,2020-09-28 05:00:00,200,2020,2020-09-28 05:00:00,2300,2020,Evening,Monday,1,Ottawa East,22,Central,Ward 17 - Capital,Shawn Menard,5050015.0,UNKNOWN,-75.67379146,45.41214613,September
192,2020-10-18 05:00:00,200,2020,2020-10-18 05:00:00,2200,2020,Evening,Sunday,7,Overbrook - McArthur,25,Central,Ward 13 - Rideau-Rockcliffe,Rawlson King,5050012.0,NONE,-75.64937718,45.42826345,October
193,2020-11-24 05:00:00,1300,2020,2020-11-24 05:00:00,1300,2020,Afternoon,Tuesday,2,Cummings,32,East,Ward 11 - Beacon Hill-Cyrville,Tim Tierney,5050122.01,UNKNOWN,-75.63546315,45.42471247,November
194,2020-12-05 05:00:00,1200,2020,2020-12-05 05:00:00,1200,2020,Afternoon,Saturday,6,Centretown,23,Central,Ward 14 - Somerset,Ariel Troster,5050038.0,MAJOR,-75.69805875,45.41732676,December
195,2020-12-24 05:00:00,1400,2020,2020-12-24 05:00:00,1400,2020,Afternoon,Thursday,4,Cummings,32,East,Ward 11 - Beacon Hill-Cyrville,Tim Tierney,5050122.01,UNKNOWN,-75.63591854,45.42920624,December
196,2020-12-29 05:00:00,600,2020,2020-12-29 05:00:00,600,2020,Morning,Tuesday,2,Corkery,11,West,Ward 5 - West Carleton-March,Clarke Kelly,5050300.02,UNKNOWN,-76.02226102,45.26028349,December
197,2021-01-01 05:00:00,400,2021,2021-01-01 05:00:00,400,2021,Night,Friday,5,Kanata Lakes - Marchwood Lakeside - Morgan's Grant - Kanata North Business Park,13,West,Ward 4 - Kanata North,Cathy Curry,5050160.13,MAJOR,-75.93147862,45.35292405,January
198,2021-01-05 05:00:00,1900,2021,2021-01-05 05:00:00,1900,2021,Evening,Tuesday,2,Iris,15,West,Ward 8 - College,Laine Johnson,5050026.0,MINOR,-75.78474307,45.34869056,January
199,2021-01-08 05:00:00,200,2021,2021-01-08 05:00:00,2300,2021,Evening,Friday,5,Lowertown,24,Central,Ward 12 - Rideau-Vanier,StZphanie Plante,5050056.0,UNKNOWN,-75.68457337,45.43264156,January
200,2021-01-16 05:00:00,300,2021,2021-01-16 05:00:00,300,2021,Night,Saturday,6,Greenboro East,35,East,Ward 10 - Gloucester-Southgate,Jessica Bradley,5050001.06,FATAL,-75.63462853,45.36289096,January
201,2021-01-28 05:00:00,1000,2021,2021-01-28 05:00:00,200,2021,Night,Thursday,4,Glen Cairn - Kanata South Business Park,13,West,Ward 6 - Stittsville,Glen Gower,5050162.04,UNKNOWN,-75.88083615,45.27068522,January
202,2021-02-09 05:00:00,1900,2021,2021-02-09 05:00:00,1900,2021,Evening,Tuesday,2,Greely,36,East,Ward 20 - Osgoode,George Darouze,5050190.02,MAJOR,-75.59589199,45.2595676,February
203,2021-02-09 05:00:00,0,2021,2021-02-09 05:00:00,0,2021,Night,Tuesday,2,Westboro,21,Central,Ward 15 - Kitchissippi,Jeff Leiper,5050033.02,NONE,-75.74169827,45.38686442,February
204,2021-02-11 05:00:00,1600,2021,2021-02-11 05:00:00,1600,2021,Afternoon,Thursday,4,Byward Market,24,Central,Ward 12 - Rideau-Vanier,StZphanie Plante,5050054.0,MAJOR,-75.6896914,45.42710422,February
205,2021-02-15 05:00:00,300,2021,2021-02-14 05:00:00,1700,2021,Afternoon,Sunday,7,Beacon Hill South - Cardinal Heights,32,East,Ward 11 - Beacon Hill-Cyrville,Tim Tierney,5050121.02,NONE,-75.59074387,45.44736563,February
206,2021-02-21 05:00:00,1600,2021,2021-02-21 05:00:00,1600,2021,Afternoon,Sunday,7,West Centertown,22,Central,Ward 14 - Somerset,Ariel Troster,5050042.0,NONE,-75.70489932,45.40733991,February
207,2021-02-21 05:00:00,1600,2021,2021-02-21 05:00:00,1500,2021,Afternoon,Sunday,7,West Centertown,22,Central,Ward 14 - Somerset,Ariel Troster,5050042.0,UNKNOWN,-75.71273995,45.40596092,February
208,2021-02-25 05:00:00,200,2021,2021-02-25 05:00:00,2000,2021,Evening,Thursday,4,Briar Green - Leslie Park,15,West,Ward 8 - College,Laine Johnson,5050137.04,NONE,-75.78135163,45.33885614,February
209,2021-02-26 05:00:00,1800,2021,2021-02-26 05:00:00,1800,2021,Evening,Friday,5,Carlingwood West - Glabar Park - McKellar Heights,14,West,Ward 16 - River,Riley Brockington,5050025.0,MINOR,-75.74934424,45.37778877,February
210,2021-03-07 05:00:00,1200,2021,2021-03-07 05:00:00,1200,2021,Afternoon,Sunday,7,Richmond,12,West,Ward 21 - Rideau-Jock,David Brown,5050151.09,FATAL,-75.81455503,45.17328527,March
211,2021-03-15 05:00:00,200,2021,2021-03-15 05:00:00,2200,2021,Evening,Monday,1,Lowertown,24,Central,Ward 12 - Rideau-Vanier,StZphanie Plante,5050056.0,NONE,-75.68457337,45.43264156,March
212,2021-03-19 05:00:00,1200,2021,2021-03-19 05:00:00,1200,2021,Afternoon,Friday,5,Corkery,11,West,Ward 5 - West Carleton-March,Clarke Kelly,5050151.09,UNKNOWN,-76.06341744,45.19879702,March
213,2021-03-21 05:00:00,200,2021,2021-03-21 05:00:00,1800,2021,Evening,Sunday,7,East Industrial,33,East,Ward 10 - Gloucester-Southgate,Jessica Bradley,5050001.08,UNKNOWN,-75.62030706,45.38401569,March
214,2021-03-21 05:00:00,200,2021,2021-03-21 05:00:00,2100,2021,Evening,Sunday,7,Britannia Village,14,West,Ward 7 - Bay,Theresa Kavanagh,5050030.0,UNKNOWN,-75.78600436,45.36746832,March
215,2021-03-23 05:00:00,1100,2021,2020-09-17 05:00:00,300,2020,Night,Thursday,4,Riverside Park,34,East,Ward 16 - River,Riley Brockington,5050003.0,NONE,-75.69097069,45.37307982,September
216,2021-03-24 05:00:00,1800,2021,2021-03-24 05:00:00,1800,2021,Evening,Wednesday,3,Elmvale - Eastway - Riverview - Riverview Park West,33,East,Ward 17 - Capital,Shawn Menard,5050011.03,UNKNOWN,-75.66223956,45.40998277,March
217,2021-03-26 05:00:00,1900,2021,2021-03-26 05:00:00,1900,2021,Evening,Friday,5,Overbrook - McArthur,25,Central,Ward 13 - Rideau-Rockcliffe,Rawlson King,5050012.0,UNKNOWN,-75.63969795,45.42606725,March
218,2021-03-30 05:00:00,200,2021,2021-03-30 05:00:00,2200,2021,Evening,Tuesday,2,Centretown,23,Central,Ward 14 - Somerset,Ariel Troster,5050041.0,UNKNOWN,-75.70574799,45.41145092,March
219,2021-04-02 05:00:00,1400,2021,2021-04-02 05:00:00,1400,2021,Afternoon,Friday,5,Overbrook - McArthur,25,Central,Ward 12 - Rideau-Vanier,StZphanie Plante,5050101.0,UNKNOWN,-75.66382387,45.43518528,April
220,2021-04-03 05:00:00,1700,2021,2021-04-03 05:00:00,1700,2021,Afternoon,Saturday,6,Overbrook - McArthur,25,Central,Ward 13 - Rideau-Rockcliffe,Rawlson King,5050012.0,NONE,-75.6402388,45.42409956,April
221,2021-05-06 05:00:00,1100,2021,2021-05-06 05:00:00,1000,2021,Morning,Thursday,4,West Centertown,22,Central,Ward 14 - Somerset,Ariel Troster,5050041.0,UNKNOWN,-75.7066348,45.4110745,May
222,2021-05-06 05:00:00,700,2021,2021-05-06 05:00:00,700,2021,Morning,Thursday,4,Centretown,23,Central,Ward 14 - Somerset,Ariel Troster,5050039.0,UNKNOWN,-75.70219935,45.40532015,May
223,2021-05-14 05:00:00,1900,2021,2021-05-14 05:00:00,1900,2021,Evening,Friday,5,Riverside Park,34,East,Ward 16 - River,Riley Brockington,5050003.0,UNKNOWN,-75.69097069,45.37307982,May
224,2021-05-14 05:00:00,0,2021,2021-05-14 05:00:00,0,2021,Night,Friday,5,Emerald Woods - Sawmill Creek,35,East,Ward 10 - Gloucester-Southgate,Jessica Bradley,5050123.01,MAJOR,-75.64725374,45.34855517,May
225,2021-05-15 05:00:00,200,2021,2021-05-15 05:00:00,2300,2021,Evening,Saturday,6,Greenbelt SouthEast,33,East,Ward 10 - Gloucester-Southgate,Jessica Bradley,5050126.04,MINOR,-75.54523265,45.37001064,May
226,2021-05-15 05:00:00,1300,2021,2021-05-15 05:00:00,1300,2021,Afternoon,Saturday,6,Hunt Club Park,33,East,Ward 10 - Gloucester-Southgate,Jessica Bradley,5050001.07,UNKNOWN,-75.61967931,45.37218359,May
227,2021-05-18 05:00:00,600,2021,2021-05-18 05:00:00,500,2021,Night,Tuesday,2,Hunt Club - Ottawa Airport,35,East,Ward 10 - Gloucester-Southgate,Jessica Bradley,5050002.06,MAJOR,-75.68330599,45.33636264,May
228,2021-05-26 05:00:00,200,2021,2021-05-26 05:00:00,2000,2021,Evening,Wednesday,3,Cummings,32,East,Ward 11 - Beacon Hill-Cyrville,Tim Tierney,5050122.03,FATAL,-75.61886295,45.42802306,May
229,2021-05-28 05:00:00,1800,2021,2021-05-28 05:00:00,1800,2021,Evening,Friday,5,Elmvale - Eastway - Riverview - Riverview Park West,33,East,Ward 18 - Alta Vista,Marty Carr,5050011.04,MAJOR,-75.65810658,45.4086116,May
230,2021-05-29 05:00:00,500,2021,2021-05-29 05:00:00,500,2021,Night,Saturday,6,OrlZans Avalon - Notting Gate - Fallingbrook - Gardenway South,31,East,Ward 1 - OrlZans East-Cumberland,Matthew Luloff,5050170.09,UNKNOWN,-75.49541964,45.4750922,May
231,2021-05-30 05:00:00,200,2021,2021-05-30 05:00:00,2100,2021,Evening,Sunday,7,Braemar Park - Bel Air Heights - Copeland Park,17,West,Ward 8 - College,Laine Johnson,5050026.0,MAJOR,-75.76722537,45.35689343,May
232,2021-05-30 05:00:00,0,2021,2021-05-30 05:00:00,0,2021,Night,Sunday,7,Pineview,32,East,Ward 11 - Beacon Hill-Cyrville,Tim Tierney,5050122.02,FATAL,-75.607556,45.41838039,May
233,2021-06-06 05:00:00,200,2021,2021-06-06 05:00:00,2200,2021,Evening,Sunday,7,Ledbury - Heron Gate - Ridgemont - Elmwood,34,East,Ward 16 - River,Riley Brockington,5050001.1,UNKNOWN,-75.6543659,45.37400247,June
234,2021-06-11 05:00:00,400,2021,2021-06-11 05:00:00,400,2021,Night,Friday,5,Elmvale - Eastway - Riverview - Riverview Park West,33,East,Ward 18 - Alta Vista,Marty Carr,5050008.0,UNKNOWN,-75.62187394,45.38819669,June
235,2021-06-12 05:00:00,1900,2021,2021-06-12 05:00:00,1600,2021,Afternoon,Saturday,6,OrlZans Village - Chateauneuf,31,East,Ward 2 - OrlZans West-Innes,Laura Dudas,5050125.09,MAJOR,-75.53373169,45.44784223,June
236,2021-06-13 05:00:00,200,2021,2021-06-13 05:00:00,2100,2021,Evening,Sunday,7,Vanier North,25,Central,Ward 12 - Rideau-Vanier,StZphanie Plante,5050101.0,UNKNOWN,-75.66243296,45.43573749,June
237,2021-06-14 05:00:00,0,2021,2021-06-14 05:00:00,0,2021,Night,Monday,1,Cummings,32,East,Ward 11 - Beacon Hill-Cyrville,Tim Tierney,5050122.03,MAJOR,-75.61826518,45.43112298,June
238,2021-06-23 05:00:00,200,2021,2021-06-23 05:00:00,200,2021,Night,Wednesday,3,Ledbury - Heron Gate - Ridgemont - Elmwood,34,East,Ward 10 - Gloucester-Southgate,Jessica Bradley,5050001.09,UNKNOWN,-75.6543659,45.37400247,June
239,2021-07-03 05:00:00,0,2021,2021-07-02 05:00:00,2300,2021,Evening,Friday,5,Sandy Hill - Ottawa East,24,Central,Ward 12 - Rideau-Vanier,StZphanie Plante,5050051.0,MAJOR,-75.67871708,45.4248598,July
240,2021-07-05 05:00:00,100,2021,2021-07-04 05:00:00,100,2021,Night,Sunday,7,Lowertown,24,Central,Ward 12 - Rideau-Vanier,StZphanie Plante,5050053.0,MAJOR,-75.68173585,45.43170406,July
241,2021-07-10 05:00:00,1700,2021,2021-07-10 05:00:00,1700,2021,Afternoon,Saturday,6,Vanier South,25,Central,Ward 12 - Rideau-Vanier,StZphanie Plante,5050102.0,NONE,-75.65480518,45.43534068,July
242,2021-07-13 05:00:00,500,2021,2021-07-13 05:00:00,500,2021,Night,Tuesday,2,Hawthorne Meadows - Sheffield Glen,33,East,Ward 18 - Alta Vista,Marty Carr,5050010.0,NONE,-75.61866099,45.3984387,July
243,2021-07-14 05:00:00,200,2021,2021-07-14 05:00:00,2000,2021,Evening,Wednesday,3,Emerald Woods - Sawmill Creek,35,East,Ward 10 - Gloucester-Southgate,Jessica Bradley,5050123.01,NONE,-75.64834247,45.34743845,July
244,2021-07-22 05:00:00,0,2021,2021-07-22 05:00:00,1400,2021,Afternoon,Thursday,4,Cummings,32,East,Ward 13 - Rideau-Rockcliffe,Rawlson King,5050061.0,NONE,-75.64170726,45.43936436,July
245,2021-08-02 05:00:00,200,2021,2021-08-02 05:00:00,2300,2021,Evening,Monday,1,Carlington,21,Central,Ward 16 - River,Riley Brockington,5050022.0,MAJOR,-75.73597923,45.37374071,August
246,2021-08-03 05:00:00,800,2021,2021-08-03 05:00:00,800,2021,Morning,Tuesday,2,Rothwell Heights - Beacon Hill North,32,East,Ward 11 - Beacon Hill-Cyrville,Tim Tierney,5050120.02,UNKNOWN,-75.58300059,45.45580739,August
247,2021-08-09 05:00:00,1800,2021,2021-08-09 05:00:00,1800,2021,Evening,Monday,1,Playfair Park - Lynda Park - Guildwood Estates,34,East,Ward 18 - Alta Vista,Marty Carr,5050007.01,MINOR,-75.64868433,45.3876203,August
248,2021-08-10 05:00:00,200,2021,2021-08-10 05:00:00,2000,2021,Evening,Tuesday,2,Lowertown,24,Central,Ward 12 - Rideau-Vanier,StZphanie Plante,5050056.0,FATAL,-75.68457337,45.43264156,August
249,2021-08-11 05:00:00,1900,2021,2021-08-11 05:00:00,1900,2021,Evening,Wednesday,3,Osgoode,36,East,Ward 20 - Osgoode,George Darouze,5050191.01,UNKNOWN,-75.59452601,45.20567927,August
250,2021-08-19 05:00:00,1400,2021,2021-08-19 05:00:00,1400,2021,Afternoon,Thursday,4,Iris,15,West,Ward 8 - College,Laine Johnson,5050026.0,UNKNOWN,-75.7778402,45.35211013,August
251,2021-08-21 05:00:00,300,2021,2021-08-21 05:00:00,300,2021,Night,Saturday,6,Riverside South - Leitrim,35,East,Ward 22 - Riverside South-Findlay Creek,Steve Desroches,5050126.07,UNKNOWN,-75.63037211,45.31737707,August
252,2021-08-26 05:00:00,200,2021,2021-08-26 05:00:00,2100,2021,Evening,Thursday,4,Ledbury - Heron Gate - Ridgemont - Elmwood,34,East,Ward 16 - River,Riley Brockington,5050001.1,MAJOR,-75.65329595,45.37212282,August
253,2021-08-26 05:00:00,1500,2021,2021-08-26 05:00:00,1500,2021,Afternoon,Thursday,4,Riverside South - Leitrim,35,East,Ward 22 - Riverside South-Findlay Creek,Steve Desroches,5050126.09,MAJOR,-75.58926887,45.32843098,August
254,2021-08-30 05:00:00,0,2021,2021-08-29 05:00:00,2100,2021,Evening,Sunday,7,Greenboro East,35,East,Ward 10 - Gloucester-Southgate,Jessica Bradley,5050001.05,MINOR,-75.63462853,45.36289096,August
255,2021-09-06 05:00:00,100,2021,2021-09-06 05:00:00,0,2021,Night,Monday,1,Byward Market,24,Central,Ward 12 - Rideau-Vanier,StZphanie Plante,5050054.0,NONE,-75.69303402,45.42906621,September
256,2021-09-06 05:00:00,200,2021,2021-09-06 05:00:00,2200,2021,Evening,Monday,1,Bridlewood - Emerald Meadows,13,West,Ward 23 - Kanata South,Allan Hubley,5050161.05,MAJOR,-75.8632365,45.28230143,September
257,2021-09-07 05:00:00,1400,2021,2021-09-07 05:00:00,1400,2021,Afternoon,Tuesday,2,Bridlewood - Emerald Meadows,13,West,Ward 23 - Kanata South,Allan Hubley,5050161.05,UNKNOWN,-75.8632365,45.28230143,September
258,2021-09-08 05:00:00,1400,2021,2021-08-18 05:00:00,0,2021,Night,Wednesday,3,New Barrhaven - New Development - Stonebridge,16,West,Ward 24 - Barrhaven East,Wilson Lo,5050141.1,UNKNOWN,-75.72747562,45.27834995,August
259,2021-09-10 05:00:00,200,2021,2021-09-10 05:00:00,200,2021,Night,Friday,5,Hunt Club Upper -Blossom Park - Timbermill,35,East,Ward 10 - Gloucester-Southgate,Jessica Bradley,5050127.0,MAJOR,-75.63147565,45.3385652,September
260,2021-09-15 05:00:00,200,2021,2021-09-15 05:00:00,2200,2021,Evening,Wednesday,3,Ledbury - Heron Gate - Ridgemont - Elmwood,34,East,Ward 10 - Gloucester-Southgate,Jessica Bradley,5050001.09,NONE,-75.64934297,45.37609986,September
261,2021-09-16 05:00:00,200,2021,2021-09-16 05:00:00,2100,2021,Evening,Thursday,4,Hawthorne Meadows - Sheffield Glen,33,East,Ward 18 - Alta Vista,Marty Carr,5050010.0,NONE,-75.61032767,45.39418326,September
262,2021-09-24 05:00:00,0,2021,2021-09-24 05:00:00,0,2021,Night,Friday,5,Whitehaven - Queensway Terrace North,14,West,Ward 7 - Bay,Theresa Kavanagh,5050028.0,MINOR,-75.79603912,45.35173016,September
263,2021-09-26 05:00:00,400,2021,2021-09-26 05:00:00,400,2021,Night,Sunday,7,Emerald Woods - Sawmill Creek,35,East,Ward 10 - Gloucester-Southgate,Jessica Bradley,5050123.01,NONE,-75.63945737,45.34764181,September
264,2021-09-27 05:00:00,500,2021,2021-09-27 05:00:00,500,2021,Night,Monday,1,Emerald Woods - Sawmill Creek,35,East,Ward 10 - Gloucester-Southgate,Jessica Bradley,5050123.01,NONE,-75.63945737,45.34764181,September
265,2021-09-27 05:00:00,1800,2021,2021-09-27 05:00:00,1800,2021,Evening,Monday,1,Whitehaven - Queensway Terrace North,14,West,Ward 7 - Bay,Theresa Kavanagh,5050028.0,UNKNOWN,-75.79274319,45.34810025,September
266,2021-10-01 05:00:00,500,2021,2021-10-01 05:00:00,500,2021,Night,Friday,5,Rothwell Heights - Beacon Hill North,32,East,Ward 11 - Beacon Hill-Cyrville,Tim Tierney,5050120.02,UNKNOWN,-75.59142709,45.44857014,October
267,2021-10-02 05:00:00,200,2021,2021-10-02 05:00:00,2300,2021,Evening,Saturday,6,Overbrook - McArthur,25,Central,Ward 13 - Rideau-Rockcliffe,Rawlson King,5050012.0,NONE,-75.64713653,45.42554382,October
268,2021-10-08 05:00:00,200,2021,2021-10-08 05:00:00,2200,2021,Evening,Friday,5,Bayshore,14,West,Ward 7 - Bay,Theresa Kavanagh,5050138.0,UNKNOWN,-75.81241473,45.35183618,October
269,2021-10-10 05:00:00,1700,2021,2021-10-10 05:00:00,1700,2021,Afternoon,Sunday,7,West Centertown,22,Central,Ward 14 - Somerset,Ariel Troster,5050042.0,UNKNOWN,-75.70561226,45.40931482,October
270,2021-10-20 05:00:00,1700,2021,2021-10-20 05:00:00,1700,2021,Afternoon,Wednesday,3,Hintonburg - Mechanicsville,21,Central,Ward 15 - Kitchissippi,Jeff Leiper,5050046.0,MAJOR,-75.73360875,45.40824189,October
271,2021-10-29 05:00:00,1200,2021,2021-10-29 05:00:00,1200,2021,Afternoon,Friday,5,Centretown,23,Central,Ward 14 - Somerset,Ariel Troster,5050038.0,MAJOR,-75.69805875,45.41732676,October
272,2021-11-05 05:00:00,1600,2021,2021-11-05 05:00:00,1600,2021,Afternoon,Friday,5,Civic Hospital-Central Park,21,Central,Ward 15 - Kitchissippi,Jeff Leiper,5050034.0,MINOR,-75.7227306,45.39395241,November
273,2021-11-22 05:00:00,800,2021,2021-11-21 05:00:00,2200,2021,Evening,Sunday,7,Hunt Club Upper -Blossom Park - Timbermill,35,East,Ward 10 - Gloucester-Southgate,Jessica Bradley,5050123.03,UNKNOWN,-75.63296658,45.35462245,November
274,2021-12-06 05:00:00,300,2021,2021-12-06 05:00:00,300,2021,Night,Monday,1,Iris,15,West,Ward 8 - College,Laine Johnson,5050026.0,MAJOR,-75.77465424,45.35306183,December
275,2021-12-14 05:00:00,1900,2021,2021-12-14 05:00:00,1900,2021,Evening,Tuesday,2,Hunt Club South Industrial,17,West,Ward 9 - Knoxdale-Merivale,Sean Devine,5050130.01,UNKNOWN,-75.71592949,45.33435229,December
276,2021-12-15 05:00:00,200,2021,2021-12-15 05:00:00,2200,2021,Evening,Wednesday,3,Vanier North,25,Central,Ward 12 - Rideau-Vanier,StZphanie Plante,5050102.0,MINOR,-75.661169,45.43801521,December
277,2021-12-18 05:00:00,100,2021,2021-12-18 05:00:00,100,2021,Night,Saturday,6,Byward Market,24,Central,Ward 12 - Rideau-Vanier,StZphanie Plante,5050054.0,MAJOR,-75.6917611,45.42960613,December
278,2021-12-22 05:00:00,1900,2021,2021-12-22 05:00:00,1900,2021,Evening,Wednesday,3,OrlZans Village - Chateauneuf,31,East,Ward 2 - OrlZans West-Innes,Laura Dudas,5050125.09,MAJOR,-75.53189044,45.44860951,December
279,2021-12-22 05:00:00,700,2021,2021-12-22 05:00:00,700,2021,Morning,Wednesday,3,Byward Market,24,Central,Ward 12 - Rideau-Vanier,StZphanie Plante,5050054.0,MAJOR,-75.68754346,45.42801394,December
280,2022-01-01 05:00:00,300,2022,2022-01-01 05:00:00,300,2022,Night,Saturday,6,OrlZans Chapel Hill South,31,East,Ward 19 - OrlZans South-Navan,Catherine Kitts,5050125.11,UNKNOWN,-75.52334723,45.42965344,January
281,2022-01-02 05:00:00,1400,2022,2022-01-02 05:00:00,900,2022,Morning,Sunday,7,Russell - Edwards,37,East,Ward 20 - Osgoode,George Darouze,5050190.01,MINOR,-75.46614867,45.3229996,January
282,2022-01-07 05:00:00,1300,2022,2022-01-07 05:00:00,1300,2022,Afternoon,Friday,5,Hunt Club South Industrial,17,West,Ward 9 - Knoxdale-Merivale,Sean Devine,5050130.01,UNKNOWN,-75.70140851,45.33844119,January
283,2022-01-15 05:00:00,200,2022,2022-01-15 05:00:00,2200,2022,Evening,Saturday,6,Overbrook - McArthur,25,Central,Ward 13 - Rideau-Rockcliffe,Rawlson King,5050012.0,MAJOR,-75.65237529,45.4251902,January
284,2022-02-02 05:00:00,200,2022,2022-02-02 05:00:00,2100,2022,Evening,Wednesday,3,Woodroffe - Lincoln Heights,14,West,Ward 7 - Bay,Theresa Kavanagh,5050031.0,MAJOR,-75.7787228,45.37367982,February
285,2022-02-19 05:00:00,200,2022,2022-02-19 05:00:00,200,2022,Night,Saturday,6,Civic Hospital-Central Park,21,Central,Ward 16 - River,Riley Brockington,5050020.01,MAJOR,-75.71322561,45.37204746,February
286,2022-02-21 05:00:00,1800,2022,2022-02-21 05:00:00,1800,2022,Evening,Monday,1,Greenboro East,35,East,Ward 10 - Gloucester-Southgate,Jessica Bradley,5050001.05,FATAL,-75.63346596,45.36912238,February
287,2022-02-23 05:00:00,200,2022,2022-02-23 05:00:00,2200,2022,Evening,Wednesday,3,Rothwell Heights - Beacon Hill North,32,East,Ward 11 - Beacon Hill-Cyrville,Tim Tierney,5050120.02,UNKNOWN,-75.59142709,45.44857014,February
288,2022-02-24 05:00:00,1000,2022,2022-02-23 05:00:00,2200,2022,Evening,Wednesday,3,Rothwell Heights - Beacon Hill North,32,East,Ward 11 - Beacon Hill-Cyrville,Tim Tierney,5050120.02,UNKNOWN,-75.59454371,45.45517062,February
289,2022-03-05 05:00:00,1800,2022,2022-03-05 05:00:00,1800,2022,Evening,Saturday,6,Overbrook - McArthur,25,Central,Ward 13 - Rideau-Rockcliffe,Rawlson King,5050012.0,NONE,-75.65144367,45.42660724,March
290,2022-03-22 05:00:00,200,2022,2022-03-22 05:00:00,2100,2022,Evening,Tuesday,2,Carlington,21,Central,Ward 16 - River,Riley Brockington,5050022.0,MAJOR,-75.73404221,45.37725524,March
291,2022-04-04 05:00:00,1600,2022,2022-04-04 05:00:00,1600,2022,Afternoon,Monday,1,Ledbury - Heron Gate - Ridgemont - Elmwood,34,East,Ward 18 - Alta Vista,Marty Carr,5050007.02,MINOR,-75.65678291,45.37875861,April
292,2022-04-06 05:00:00,900,2022,2022-04-06 05:00:00,1400,2022,Afternoon,Wednesday,3,OrlZans Avalon - Notting Gate - Fallingbrook - Gardenway South,31,East,Ward 1 - OrlZans East-Cumberland,Matthew Luloff,5050170.09,UNKNOWN,-75.49541964,45.4750922,April
293,2022-04-19 05:00:00,200,2022,2022-04-19 05:00:00,200,2022,Night,Tuesday,2,Vanier North,25,Central,Ward 12 - Rideau-Vanier,StZphanie Plante,5050103.0,NONE,-75.65664265,45.43983559,April
294,2022-04-19 05:00:00,500,2022,2022-04-19 05:00:00,500,2022,Night,Tuesday,2,Vanier South,25,Central,Ward 12 - Rideau-Vanier,StZphanie Plante,5050101.0,MAJOR,-75.66233974,45.43318254,April
295,2022-04-25 05:00:00,200,2022,2022-04-25 05:00:00,2200,2022,Evening,Monday,1,Greenbelt - Mer Bleue,31,East,Ward 10 - Gloucester-Southgate,Jessica Bradley,5050125.03,MAJOR,-75.5608722,45.40854671,April
296,2022-05-01 05:00:00,1600,2022,2022-05-01 05:00:00,1600,2022,Afternoon,Sunday,7,Rothwell Heights - Beacon Hill North,32,East,Ward 11 - Beacon Hill-Cyrville,Tim Tierney,5050120.03,UNKNOWN,-75.60210676,45.45797492,May
297,2022-05-02 05:00:00,200,2022,2022-05-02 05:00:00,2100,2022,Evening,Monday,1,Emerald Woods - Sawmill Creek,35,East,Ward 10 - Gloucester-Southgate,Jessica Bradley,5050123.01,MINOR,-75.63984669,45.34047273,May
298,2022-05-03 05:00:00,0,2022,2022-05-03 05:00:00,0,2022,Night,Tuesday,2,Byward Market,24,Central,Ward 12 - Rideau-Vanier,StZphanie Plante,5050054.0,MINOR,-75.69303402,45.42906621,May
299,2022-05-08 05:00:00,1300,2022,2022-05-08 05:00:00,1300,2022,Afternoon,Sunday,7,Elmvale - Eastway - Riverview - Riverview Park West,33,East,Ward 18 - Alta Vista,Marty Carr,5050009.0,UNKNOWN,-75.62156728,45.39619765,May
300,2022-05-11 05:00:00,200,2022,2022-05-11 05:00:00,2300,2022,Evening,Wednesday,3,Emerald Woods - Sawmill Creek,35,East,Ward 10 - Gloucester-Southgate,Jessica Bradley,5050123.01,UNKNOWN,-75.64708864,45.34648509,May
301,2022-05-12 05:00:00,1300,2022,2022-05-12 05:00:00,1300,2022,Afternoon,Thursday,4,Glebe - Dows Lake,22,Central,Ward 14 - Somerset,Ariel Troster,5050036.0,MINOR,-75.69863581,45.40597451,May
302,2022-05-15 05:00:00,1000,2022,2022-05-15 05:00:00,1000,2022,Morning,Sunday,7,Billings Bridge - Alta Vista,34,East,Ward 18 - Alta Vista,Marty Carr,5050005.0,UNKNOWN,-75.66979243,45.38611099,May
303,2022-06-07 05:00:00,200,2022,2022-06-07 05:00:00,2000,2022,Evening,Tuesday,2,Hawthorne Meadows - Sheffield Glen,33,East,Ward 18 - Alta Vista,Marty Carr,5050010.0,UNKNOWN,-75.61866099,45.3984387,June
304,2022-06-08 05:00:00,200,2022,2022-06-08 05:00:00,2100,2022,Evening,Wednesday,3,Riverside South - Leitrim,35,East,Ward 22 - Riverside South-Findlay Creek,Steve Desroches,5050126.07,MAJOR,-75.61817768,45.32008723,June
305,2022-06-22 05:00:00,1800,2022,2022-06-22 05:00:00,1800,2022,Evening,Wednesday,3,Beacon Hill South - Cardinal Heights,32,East,Ward 11 - Beacon Hill-Cyrville,Tim Tierney,5050121.01,MAJOR,-75.61323773,45.44530188,June
306,2022-06-23 05:00:00,200,2022,2022-06-23 05:00:00,2300,2022,Evening,Thursday,4,Pineview,32,East,Ward 11 - Beacon Hill-Cyrville,Tim Tierney,5050122.02,UNKNOWN,-75.59815327,45.41960963,June
307,2022-07-05 05:00:00,1200,2022,2022-07-05 05:00:00,1200,2022,Afternoon,Tuesday,2,Ledbury - Heron Gate - Ridgemont - Elmwood,34,East,Ward 16 - River,Riley Brockington,5050001.1,FATAL,-75.65712209,45.36525048,July
308,2022-07-06 05:00:00,1300,2022,2022-07-06 05:00:00,1300,2022,Afternoon,Wednesday,3,Britannia Village,14,West,Ward 7 - Bay,Theresa Kavanagh,5050029.0,MAJOR,-75.8011136,45.35775682,July
309,2022-07-08 05:00:00,1600,2022,2022-07-08 05:00:00,1600,2022,Afternoon,Friday,5,Manotick East,36,East,Ward 20 - Osgoode,George Darouze,5050191.01,MINOR,-75.60914851,45.23120733,July
310,2022-07-16 05:00:00,200,2022,2022-07-15 05:00:00,2300,2022,Evening,Friday,5,Lowertown,24,Central,Ward 12 - Rideau-Vanier,StZphanie Plante,5050056.0,FATAL,-75.68610381,45.43197758,July
311,2022-07-16 05:00:00,1300,2022,2022-07-01 05:00:00,1300,2022,Afternoon,Friday,5,Galetta,11,West,Ward 5 - West Carleton-March,Clarke Kelly,5050301.0,MINOR,-76.26263594,45.44371406,July
312,2022-07-18 05:00:00,1500,2022,2022-07-18 05:00:00,1500,2022,Afternoon,Monday,1,Billings Bridge - Alta Vista,34,East,Ward 18 - Alta Vista,Marty Carr,5050005.0,MAJOR,-75.67090977,45.38467927,July
313,2022-07-21 05:00:00,200,2022,2022-07-21 05:00:00,2200,2022,Evening,Thursday,4,Hunt Club Park,33,East,Ward 10 - Gloucester-Southgate,Jessica Bradley,5050001.08,MAJOR,-75.6193709,45.37313507,July
314,2022-07-23 05:00:00,1500,2022,2022-07-19 05:00:00,2300,2022,Evening,Tuesday,2,Iris,15,West,Ward 8 - College,Laine Johnson,5050026.0,UNKNOWN,-75.7778402,45.35211013,July
315,2022-07-31 05:00:00,200,2022,2022-07-31 05:00:00,2200,2022,Evening,Sunday,7,Vanier North,25,Central,Ward 12 - Rideau-Vanier,StZphanie Plante,5050060.0,UNKNOWN,-75.64946857,45.44574288,July
316,2022-08-09 05:00:00,1700,2022,2022-08-09 05:00:00,1700,2022,Afternoon,Tuesday,2,Crestview - Meadowlands,17,West,Ward 8 - College,Laine Johnson,5050133.0,UNKNOWN,-75.74665955,45.35017202,August
317,2022-08-12 05:00:00,500,2022,2022-08-12 05:00:00,500,2022,Night,Friday,5,Riverside Park,34,East,Ward 16 - River,Riley Brockington,5050003.0,UNKNOWN,-75.68162129,45.36802791,August
318,2022-08-13 05:00:00,200,2022,2022-08-13 05:00:00,200,2022,Night,Saturday,6,Glen Cairn - Kanata South Business Park,13,West,Ward 23 - Kanata South,Allan Hubley,5050162.02,MAJOR,-75.88471925,45.29370376,August
319,2022-08-16 05:00:00,1800,2022,2022-08-16 05:00:00,1800,2022,Evening,Tuesday,2,Elmvale - Eastway - Riverview - Riverview Park West,33,East,Ward 18 - Alta Vista,Marty Carr,5050011.01,UNKNOWN,-75.62880686,45.40217424,August
320,2022-08-26 05:00:00,400,2022,2022-08-26 05:00:00,400,2022,Night,Friday,5,Byward Market,24,Central,Ward 12 - Rideau-Vanier,StZphanie Plante,5050054.0,MAJOR,-75.69403833,45.42756762,August
321,2022-08-27 05:00:00,1700,2022,2022-08-27 05:00:00,1700,2022,Afternoon,Saturday,6,Carlington,21,Central,Ward 16 - River,Riley Brockington,5050022.0,UNKNOWN,-75.73929426,45.37312394,August
322,2022-08-27 05:00:00,1900,2022,2022-08-27 05:00:00,1900,2022,Evening,Saturday,6,Ledbury - Heron Gate - Ridgemont - Elmwood,34,East,Ward 16 - River,Riley Brockington,5050001.1,NONE,-75.65712209,45.36525048,August
323,2022-08-29 05:00:00,1700,2022,2022-08-29 05:00:00,1700,2022,Afternoon,Monday,1,West Centertown,22,Central,Ward 14 - Somerset,Ariel Troster,5050041.0,MAJOR,-75.71174523,45.41146432,August
324,2022-09-02 05:00:00,200,2022,2022-09-02 05:00:00,2300,2022,Evening,Friday,5,Elmvale - Eastway - Riverview - Riverview Park West,33,East,Ward 18 - Alta Vista,Marty Carr,5050011.01,MINOR,-75.62880686,45.40217424,September
325,2022-09-05 05:00:00,200,2022,2022-09-05 05:00:00,2300,2022,Evening,Monday,1,Hunt Club Upper -Blossom Park - Timbermill,35,East,Ward 10 - Gloucester-Southgate,Jessica Bradley,5050123.03,MINOR,-75.62536913,45.34760678,September
326,2022-09-11 05:00:00,1000,2022,2022-09-11 05:00:00,1000,2022,Morning,Sunday,7,Ledbury - Heron Gate - Ridgemont - Elmwood,34,East,Ward 10 - Gloucester-Southgate,Jessica Bradley,5050001.09,UNKNOWN,-75.64187314,45.3738458,September
327,2022-09-19 05:00:00,1800,2022,2022-09-19 05:00:00,1800,2022,Evening,Monday,1,CFB Rockcliffe-NRC,32,East,Ward 13 - Rideau-Rockcliffe,Rawlson King,5050060.0,UNKNOWN,-75.64407655,45.44582516,September
328,2022-09-26 05:00:00,200,2022,2022-09-26 05:00:00,2100,2022,Evening,Monday,1,OrlZans North West,31,East,Ward 2 - OrlZans West-Innes,Laura Dudas,5050124.04,NONE,-75.54795822,45.47233864,September
329,2022-10-05 05:00:00,200,2022,2022-10-05 05:00:00,2000,2022,Evening,Wednesday,3,OrlZans Queenswood Heights,31,East,Ward 1 - OrlZans East-Cumberland,Matthew Luloff,5050170.03,MINOR,-75.49904493,45.47694176,October
330,2022-10-10 05:00:00,200,2022,2022-10-10 05:00:00,200,2022,Night,Monday,1,Byward Market,24,Central,Ward 12 - Rideau-Vanier,StZphanie Plante,5050054.0,MAJOR,-75.69303402,45.42906621,October
331,2022-10-11 05:00:00,1500,2022,2022-10-11 05:00:00,1500,2022,Afternoon,Tuesday,2,Lowertown,24,Central,Ward 12 - Rideau-Vanier,StZphanie Plante,5050056.0,UNKNOWN,-75.68649227,45.43607473,October
332,2022-10-12 05:00:00,1700,2022,2022-10-12 05:00:00,1700,2022,Afternoon,Wednesday,3,Russell - Edwards,37,East,Ward 20 - Osgoode,George Darouze,5050126.04,NONE,-75.53694808,45.31651551,October
333,2022-10-16 05:00:00,100,2022,2022-10-16 05:00:00,100,2022,Night,Sunday,7,Vanier North,25,Central,Ward 12 - Rideau-Vanier,StZphanie Plante,5050104.0,UNKNOWN,-75.673728,45.44118328,October
334,2022-10-22 05:00:00,300,2022,2022-10-22 05:00:00,300,2022,Night,Saturday,6,Byward Market,24,Central,Ward 12 - Rideau-Vanier,StZphanie Plante,5050054.0,MAJOR,-75.69228883,45.43023976,October
335,2022-10-23 05:00:00,600,2022,2022-10-23 05:00:00,600,2022,Morning,Sunday,7,Byward Market,24,Central,Ward 12 - Rideau-Vanier,StZphanie Plante,5050054.0,UNKNOWN,-75.69303402,45.42906621,October
336,2022-11-12 05:00:00,1500,2022,2022-11-12 05:00:00,1500,2022,Afternoon,Saturday,6,Merivale Gardens - Grenfell Glen - Pineglen - Country Place,17,West,Ward 9 - Knoxdale-Merivale,Sean Devine,5050130.01,MAJOR,-75.72156987,45.32123463,November
337,2022-11-15 05:00:00,100,2022,2022-11-15 05:00:00,100,2022,Night,Tuesday,2,Crestview - Meadowlands,17,West,Ward 8 - College,Laine Johnson,5050133.0,MINOR,-75.74373825,45.35385989,November
338,2022-12-06 05:00:00,1600,2022,2022-12-04 05:00:00,1400,2022,Afternoon,Sunday,7,Vanier North,25,Central,Ward 12 - Rideau-Vanier,StZphanie Plante,5050104.0,UNKNOWN,-75.66896683,45.43765861,December
339,2022-12-09 05:00:00,1700,2022,2022-12-09 05:00:00,1700,2022,Afternoon,Friday,5,Cumberland,37,East,Ward 1 - OrlZans East-Cumberland,Matthew Luloff,5050171.06,UNKNOWN,-75.46703574,45.50374521,December
340,2023-01-07 05:00:00,1900,2023,2023-01-07 05:00:00,1900,2023,Evening,Saturday,6,Carlington,21,Central,Ward 16 - River,Riley Brockington,5050022.0,UNKNOWN,-75.73597923,45.37374071,January
341,2023-01-13 05:00:00,1600,2023,2023-01-13 05:00:00,1600,2023,Afternoon,Friday,5,Civic Hospital-Central Park,21,Central,Ward 15 - Kitchissippi,Jeff Leiper,5050034.0,MAJOR,-75.72885842,45.39599953,January
342,2023-01-19 05:00:00,1900,2023,2023-01-19 05:00:00,1900,2023,Evening,Thursday,4,Centretown,23,Central,Ward 14 - Somerset,Ariel Troster,5050038.0,MINOR,-75.6937696,45.41556349,January
343,2023-01-29 05:00:00,0,2023,2023-01-29 05:00:00,0,2023,Night,Sunday,7,Emerald Woods - Sawmill Creek,35,East,Ward 10 - Gloucester-Southgate,Jessica Bradley,5050123.01,MINOR,-75.64747775,45.34893479,January
344,2023-01-29 05:00:00,200,2023,2023-01-29 05:00:00,200,2023,Night,Sunday,7,Elmvale - Eastway - Riverview - Riverview Park West,33,East,Ward 18 - Alta Vista,Marty Carr,5050011.04,MINOR,-75.65015344,45.40572581,January
345,2023-02-14 05:00:00,1800,2023,2023-02-14 05:00:00,1800,2023,Evening,Tuesday,2,Elmvale - Eastway - Riverview - Riverview Park West,33,East,Ward 18 - Alta Vista,Marty Carr,5050011.04,FATAL,-75.65335451,45.40926085,February
346,2023-02-18 05:00:00,200,2023,2023-02-18 05:00:00,2000,2023,Evening,Saturday,6,Crestview - Meadowlands,17,West,Ward 8 - College,Laine Johnson,5050133.0,NONE,-75.74526243,45.35566143,February
347,2023-02-18 05:00:00,200,2023,2023-02-18 05:00:00,2200,2023,Evening,Saturday,6,Lowertown,24,Central,Ward 12 - Rideau-Vanier,StZphanie Plante,5050056.0,NONE,-75.68564138,45.433918,February
348,2023-02-21 05:00:00,100,2023,2023-02-21 05:00:00,100,2023,Night,Tuesday,2,Lowertown,24,Central,Ward 12 - Rideau-Vanier,StZphanie Plante,5050056.0,FATAL,-75.68731475,45.43042044,February
349,2023-02-27 05:00:00,200,2023,2023-02-27 05:00:00,1900,2023,Evening,Monday,1,Emerald Woods - Sawmill Creek,35,East,Ward 10 - Gloucester-Southgate,Jessica Bradley,5050123.01,NONE,-75.65078203,45.34903552,February
350,2023-02-27 05:00:00,200,2023,2023-02-27 05:00:00,2000,2023,Evening,Monday,1,Overbrook - McArthur,25,Central,Ward 13 - Rideau-Rockcliffe,Rawlson King,5050012.0,UNKNOWN,-75.65144367,45.42660724,February
351,2023-03-04 05:00:00,200,2023,2023-03-04 05:00:00,2100,2023,Evening,Saturday,6,Crestview - Meadowlands,17,West,Ward 8 - College,Laine Johnson,5050134.0,UNKNOWN,-75.73396376,45.3451925,March
352,2023-03-05 05:00:00,700,2023,2023-03-05 05:00:00,700,2023,Morning,Sunday,7,OrlZans Village - Chateauneuf,31,East,Ward 2 - OrlZans West-Innes,Laura Dudas,5050125.08,MINOR,-75.50477802,45.45570124,March
353,2023-03-17 05:00:00,900,2023,2023-03-17 05:00:00,900,2023,Morning,Friday,5,Greenbelt - Stony Swamp,15,West,Ward 8 - College,Laine Johnson,5050141.14,UNKNOWN,-75.82281439,45.30448415,March
354,2023-04-03 05:00:00,300,2023,2023-04-03 05:00:00,300,2023,Night,Monday,1,Greenboro East,35,East,Ward 10 - Gloucester-Southgate,Jessica Bradley,5050001.05,MAJOR,-75.6428099,45.36310886,April
355,2023-04-12 05:00:00,1900,2023,2023-04-12 05:00:00,1900,2023,Evening,Wednesday,3,Riverside South - Leitrim,35,East,Ward 22 - Riverside South-Findlay Creek,Steve Desroches,5050126.07,NONE,-75.61737035,45.30941799,April
356,2023-04-16 05:00:00,1800,2023,2023-04-15 05:00:00,1400,2023,Afternoon,Saturday,6,Rothwell Heights - Beacon Hill North,32,East,Ward 11 - Beacon Hill-Cyrville,Tim Tierney,5050121.01,UNKNOWN,-75.59419583,45.44734807,April
357,2023-04-22 05:00:00,400,2023,2023-04-22 05:00:00,400,2023,Night,Saturday,6,Byward Market,24,Central,Ward 12 - Rideau-Vanier,StZphanie Plante,5050054.0,MINOR,-75.6917611,45.42960613,April
358,2023-04-24 05:00:00,1500,2023,2023-04-24 05:00:00,1500,2023,Afternoon,Monday,1,West Centertown,22,Central,Ward 14 - Somerset,Ariel Troster,5050041.0,NONE,-75.70561226,45.40931482,April
359,2023-04-24 05:00:00,1900,2023,2023-04-24 05:00:00,1900,2023,Evening,Monday,1,OrlZans Avalon - Notting Gate - Fallingbrook - Gardenway South,31,East,Ward 19 - OrlZans South-Navan,Catherine Kitts,5050171.07,MINOR,-75.462611,45.46592728,April
360,2023-05-08 05:00:00,200,2023,2023-05-08 05:00:00,2200,2023,Evening,Monday,1,Hunt Club East - Western Community,35,East,Ward 16 - River,Riley Brockington,5050002.05,UNKNOWN,-75.67146619,45.34723643,May
361,2023-05-24 05:00:00,1700,2023,2023-05-24 05:00:00,1700,2023,Afternoon,Wednesday,3,Hawthorne Meadows - Sheffield Glen,33,East,Ward 18 - Alta Vista,Marty Carr,5050010.0,UNKNOWN,-75.6142373,45.39120075,May
362,2023-05-25 05:00:00,200,2023,2023-05-25 05:00:00,2300,2023,Evening,Thursday,4,Byward Market,24,Central,Ward 12 - Rideau-Vanier,StZphanie Plante,5050054.0,UNKNOWN,-75.69403833,45.42756762,May
363,2023-05-25 05:00:00,200,2023,2023-05-25 05:00:00,2300,2023,Evening,Thursday,4,Greenboro East,35,East,Ward 10 - Gloucester-Southgate,Jessica Bradley,5050001.06,UNKNOWN,-75.63887789,45.35976775,May
364,2023-06-02 05:00:00,500,2023,2023-06-02 05:00:00,500,2023,Night,Friday,5,Carlington,21,Central,Ward 16 - River,Riley Brockington,5050022.0,UNKNOWN,-75.73828685,45.37227664,June
365,2023-06-03 05:00:00,100,2023,2023-06-03 05:00:00,100,2023,Night,Saturday,6,Cityview - Skyline - Fisher Heights,17,West,Ward 9 - Knoxdale-Merivale,Sean Devine,5050132.0,UNKNOWN,-75.73510591,45.35612435,June
366,2023-06-04 05:00:00,200,2023,2023-06-04 05:00:00,2100,2023,Evening,Sunday,7,Vanier North,25,Central,Ward 12 - Rideau-Vanier,StZphanie Plante,5050103.0,UNKNOWN,-75.66950618,45.44127065,June
367,2023-06-08 05:00:00,1800,2023,2023-06-08 05:00:00,1800,2023,Evening,Thursday,4,Centretown,23,Central,Ward 14 - Somerset,Ariel Troster,5050040.0,UNKNOWN,-75.7006203,45.41360815,June
368,2023-06-10 05:00:00,0,2023,2023-06-10 05:00:00,0,2023,Night,Saturday,6,Centretown,23,Central,Ward 14 - Somerset,Ariel Troster,5050038.0,UNKNOWN,-75.69885181,45.41615225,June
369,2023-06-10 05:00:00,600,2023,2023-06-10 05:00:00,100,2023,Night,Saturday,6,Merivale Gardens - Grenfell Glen - Pineglen - Country Place,17,West,Ward 9 - Knoxdale-Merivale,Sean Devine,5050130.01,UNKNOWN,-75.71389927,45.32429653,June
370,2023-06-10 05:00:00,300,2023,2023-06-10 05:00:00,100,2023,Night,Saturday,6,Byward Market,24,Central,Ward 12 - Rideau-Vanier,StZphanie Plante,5050054.0,MAJOR,-75.69303402,45.42906621,June
371,2023-06-13 05:00:00,300,2023,2023-06-13 05:00:00,300,2023,Night,Tuesday,2,Civic Hospital-Central Park,21,Central,Ward 15 - Kitchissippi,Jeff Leiper,5050034.0,MAJOR,-75.7227306,45.39395241,June
372,2023-06-17 05:00:00,900,2023,2023-06-17 05:00:00,900,2023,Morning,Saturday,6,Overbrook - McArthur,25,Central,Ward 13 - Rideau-Rockcliffe,Rawlson King,5050013.0,MAJOR,-75.66133421,45.42944972,June
373,2023-06-19 05:00:00,200,2023,2023-06-19 05:00:00,2000,2023,Evening,Monday,1,Whitehaven - Queensway Terrace North,14,West,Ward 7 - Bay,Theresa Kavanagh,5050029.0,MAJOR,-75.80111014,45.35473854,June
374,2023-06-22 05:00:00,200,2023,2023-06-22 05:00:00,2000,2023,Evening,Thursday,4,Vanier North,25,Central,Ward 12 - Rideau-Vanier,StZphanie Plante,5050060.0,UNKNOWN,-75.64946857,45.44574288,June
375,2023-06-28 05:00:00,1000,2023,2023-06-28 05:00:00,1000,2023,Morning,Wednesday,3,Carlington,21,Central,Ward 16 - River,Riley Brockington,5050022.0,FATAL,-75.74352321,45.37481678,June
376,2023-06-29 05:00:00,200,2023,2023-06-29 05:00:00,2100,2023,Evening,Thursday,4,Civic Hospital-Central Park,21,Central,Ward 16 - River,Riley Brockington,5050023.02,FATAL,-75.73888594,45.37013362,June
377,2023-07-02 05:00:00,200,2023,2023-07-02 05:00:00,200,2023,Night,Sunday,7,Elmvale - Eastway - Riverview - Riverview Park West,33,East,Ward 18 - Alta Vista,Marty Carr,5050011.01,UNKNOWN,-75.62880686,45.40217424,July
378,2023-07-02 05:00:00,200,2023,2023-07-01 05:00:00,2100,2023,Evening,Saturday,6,Overbrook - McArthur,25,Central,Ward 13 - Rideau-Rockcliffe,Rawlson King,5050012.0,NONE,-75.64745601,45.42684533,July
379,2023-07-05 05:00:00,0,2023,2023-07-05 05:00:00,0,2023,Night,Wednesday,3,Cummings,32,East,Ward 11 - Beacon Hill-Cyrville,Tim Tierney,5050012.0,MAJOR,-75.63845311,45.4262864,July
380,2023-07-05 05:00:00,1100,2023,2023-07-02 05:00:00,200,2023,Night,Sunday,7,East Industrial,33,East,Ward 18 - Alta Vista,Marty Carr,5050011.01,UNKNOWN,-75.63698982,45.41265789,July
381,2023-07-13 05:00:00,1900,2023,2023-07-13 05:00:00,1900,2023,Evening,Thursday,4,Centretown,23,Central,Ward 14 - Somerset,Ariel Troster,5050038.0,MINOR,-75.69805875,45.41732676,July
382,2023-07-17 05:00:00,1600,2023,2023-07-17 05:00:00,1600,2023,Afternoon,Monday,1,Lowertown,24,Central,Ward 12 - Rideau-Vanier,StZphanie Plante,5050056.0,MAJOR,-75.68668236,45.4326296,July
383,2023-07-17 05:00:00,1500,2023,2023-07-17 05:00:00,1500,2023,Afternoon,Monday,1,Lowertown,24,Central,Ward 12 - Rideau-Vanier,StZphanie Plante,5050056.0,UNKNOWN,-75.68767124,45.43417747,July
384,2023-07-24 05:00:00,1400,2023,2023-07-24 05:00:00,1400,2023,Afternoon,Monday,1,Metcalfe,36,East,Ward 20 - Osgoode,George Darouze,5050190.02,UNKNOWN,-75.53201503,45.24319515,July
385,2023-07-29 05:00:00,200,2023,2023-07-29 05:00:00,200,2023,Night,Saturday,6,East Industrial,33,East,Ward 10 - Gloucester-Southgate,Jessica Bradley,5050001.08,NONE,-75.60864773,45.38442624,July
386,2023-08-04 05:00:00,200,2023,2023-08-04 05:00:00,2100,2023,Evening,Friday,5,Hunt Club Upper -Blossom Park - Timbermill,35,East,Ward 10 - Gloucester-Southgate,Jessica Bradley,5050123.04,NONE,-75.63983644,45.35392412,August
387,2023-08-06 05:00:00,0,2023,2023-08-06 05:00:00,0,2023,Night,Sunday,7,Carson Grove - Carson Meadows,32,East,Ward 13 - Rideau-Rockcliffe,Rawlson King,5050062.01,MINOR,-75.628815,45.44236225,August
388,2023-08-17 05:00:00,200,2023,2023-08-17 05:00:00,2300,2023,Evening,Thursday,4,Hunt Club East - Western Community,35,East,Ward 10 - Gloucester-Southgate,Jessica Bradley,5050127.0,UNKNOWN,-75.66346842,45.34240822,August
389,2023-08-19 05:00:00,300,2023,2023-08-19 05:00:00,300,2023,Night,Saturday,6,Russell - Edwards,37,East,Ward 20 - Osgoode,George Darouze,5050126.04,NONE,-75.50177064,45.35138956,August
390,2023-09-02 05:00:00,200,2023,2023-09-02 05:00:00,2200,2023,Evening,Saturday,6,Hunt Club - Ottawa Airport,35,East,Ward 10 - Gloucester-Southgate,Jessica Bradley,5050127.0,MAJOR,-75.66764063,45.34286451,September
391,2023-09-09 05:00:00,1600,2023,2023-09-09 05:00:00,1600,2023,Afternoon,Saturday,6,Britannia Village,14,West,Ward 7 - Bay,Theresa Kavanagh,5050030.0,NONE,-75.78891106,45.36687349,September
392,2023-09-17 05:00:00,200,2023,2023-09-17 05:00:00,2200,2023,Evening,Sunday,7,Riverside South - Leitrim,35,East,Ward 22 - Riverside South-Findlay Creek,Steve Desroches,5050126.08,UNKNOWN,-75.60186681,45.31567761,September
393,2023-09-17 05:00:00,100,2023,2023-09-17 05:00:00,100,2023,Night,Sunday,7,Britannia Village,14,West,Ward 7 - Bay,Theresa Kavanagh,5050030.0,MAJOR,-75.79360942,45.36579798,September
394,2023-09-18 05:00:00,1800,2023,2023-09-18 05:00:00,900,2023,Morning,Monday,1,Whitehaven - Queensway Terrace North,14,West,Ward 7 - Bay,Theresa Kavanagh,5050028.0,UNKNOWN,-75.79398272,45.3477745,September
395,2023-09-18 05:00:00,0,2023,2023-09-18 05:00:00,0,2023,Night,Monday,1,Whitehaven - Queensway Terrace North,14,West,Ward 7 - Bay,Theresa Kavanagh,5050028.0,UNKNOWN,-75.79398272,45.3477745,September
396,2023-09-18 05:00:00,900,2023,2023-09-18 05:00:00,900,2023,Morning,Monday,1,Whitehaven - Queensway Terrace North,14,West,Ward 7 - Bay,Theresa Kavanagh,5050028.0,NONE,-75.79274392,45.34986203,September
397,2023-09-22 05:00:00,200,2023,2023-09-22 05:00:00,2200,2023,Evening,Friday,5,Hunt Club Upper -Blossom Park - Timbermill,35,East,Ward 10 - Gloucester-Southgate,Jessica Bradley,5050123.04,MAJOR,-75.63983644,45.35392412,September
398,2023-09-23 05:00:00,200,2023,2023-09-23 05:00:00,2300,2023,Evening,Saturday,6,Overbrook - McArthur,25,Central,Ward 13 - Rideau-Rockcliffe,Rawlson King,5050013.0,UNKNOWN,-75.6574185,45.42291487,September
399,2023-09-26 05:00:00,0,2023,2023-09-26 05:00:00,1400,2023,Afternoon,Tuesday,2,Vanier North,25,Central,Ward 12 - Rideau-Vanier,StZphanie Plante,5050104.0,MINOR,-75.6719475,45.43953366,September
400,2023-09-30 05:00:00,200,2023,2023-09-30 05:00:00,200,2023,Night,Saturday,6,East Industrial,33,East,Ward 18 - Alta Vista,Marty Carr,5050011.01,UNKNOWN,-75.63698982,45.41265789,September
401,2023-10-07 05:00:00,1900,2023,2023-10-07 05:00:00,1900,2023,Evening,Saturday,6,Overbrook - McArthur,25,Central,Ward 13 - Rideau-Rockcliffe,Rawlson King,5050012.0,UNKNOWN,-75.65169274,45.4281007,October
402,2023-10-08 05:00:00,200,2023,2023-10-08 05:00:00,2300,2023,Evening,Sunday,7,Hunt Club Park,33,East,Ward 10 - Gloucester-Southgate,Jessica Bradley,5050001.07,MINOR,-75.61808617,45.3728282,October
403,2023-10-11 05:00:00,200,2023,2023-10-11 05:00:00,2100,2023,Evening,Wednesday,3,OrlZans Avalon - Notting Gate - Fallingbrook - Gardenway South,31,East,Ward 1 - OrlZans East-Cumberland,Matthew Luloff,5050170.08,FATAL,-75.49055768,45.46556382,October
404,2023-10-18 05:00:00,1200,2023,2023-10-18 05:00:00,1200,2023,Afternoon,Wednesday,3,Byward Market,24,Central,Ward 12 - Rideau-Vanier,StZphanie Plante,5050054.0,MAJOR,-75.68894747,45.42974815,October
405,2023-11-01 05:00:00,800,2023,2023-11-01 05:00:00,700,2023,Morning,Wednesday,3,Whitehaven - Queensway Terrace North,14,West,Ward 7 - Bay,Theresa Kavanagh,5050028.0,MINOR,-75.79398272,45.3477745,November
406,2023-11-03 05:00:00,200,2023,2023-11-03 05:00:00,2000,2023,Evening,Friday,5,Iris,15,West,Ward 8 - College,Laine Johnson,5050026.0,NONE,-75.78143028,45.34962211,November
407,2023-11-06 05:00:00,1400,2023,2023-11-06 05:00:00,1400,2023,Afternoon,Monday,1,Centretown,23,Central,Ward 14 - Somerset,Ariel Troster,5050038.0,MAJOR,-75.69580724,45.41470133,November
408,2023-11-22 05:00:00,500,2023,2023-11-22 05:00:00,500,2023,Night,Wednesday,3,Vanier North,25,Central,Ward 12 - Rideau-Vanier,StZphanie Plante,5050102.0,UNKNOWN,-75.66281609,45.43813528,November
409,2023-11-23 05:00:00,600,2023,2023-11-23 05:00:00,600,2023,Morning,Thursday,4,Centrepointe,15,West,Ward 8 - College,Laine Johnson,5050137.05,FATAL,-75.7705463,45.34609036,November
410,2023-12-06 05:00:00,1400,2023,2023-12-06 05:00:00,1400,2023,Afternoon,Wednesday,3,Beacon Hill South - Cardinal Heights,32,East,Ward 11 - Beacon Hill-Cyrville,Tim Tierney,5050121.01,UNKNOWN,-75.59399527,45.44550176,December
411,2023-12-11 05:00:00,700,2023,2023-12-11 05:00:00,700,2023,Morning,Monday,1,CFB Rockcliffe-NRC,32,East,Ward 13 - Rideau-Rockcliffe,Rawlson King,5050061.0,MINOR,-75.6462145,45.43998802,December
412,2023-12-17 05:00:00,1400,2023,2023-12-17 05:00:00,1400,2023,Afternoon,Sunday,7,Whitehaven - Queensway Terrace North,14,West,Ward 7 - Bay,Theresa Kavanagh,5050029.0,MAJOR,-75.80111014,45.35473854,December
413,2023-12-21 05:00:00,1400,2023,2023-12-21 05:00:00,1400,2023,Afternoon,Thursday,4,Hunt Club South Industrial,17,West,Ward 9 - Knoxdale-Merivale,Sean Devine,5050130.01,MINOR,-75.71726407,45.33379451,December
414,2024-01-08 05:00:00,1400,2024,2024-01-08 05:00:00,1400,2024,Afternoon,Monday,1,West Centertown,22,Central,Ward 14 - Somerset,Ariel Troster,5050035.0,MINOR,-75.70950975,45.40060992,January
415,2024-01-11 05:00:00,900,2024,2024-01-11 05:00:00,900,2024,Morning,Thursday,4,Overbrook - McArthur,25,Central,Ward 13 - Rideau-Rockcliffe,Rawlson King,5050012.0,UNKNOWN,-75.63969795,45.42606725,January
416,2024-01-15 05:00:00,300,2024,2024-01-15 05:00:00,300,2024,Night,Monday,1,Blackburn Hamlet,31,East,Ward 2 - OrlZans West-Innes,Laura Dudas,5050125.02,UNKNOWN,-75.56546004,45.42937121,January
417,2024-01-16 05:00:00,1100,2024,2024-01-13 05:00:00,100,2024,Night,Saturday,6,Russell - Edwards,37,East,Ward 20 - Osgoode,George Darouze,5050126.04,UNKNOWN,-75.58001969,45.29684825,January
418,2024-01-29 05:00:00,1300,2024,2024-01-29 05:00:00,1300,2024,Afternoon,Monday,1,West Centertown,22,Central,Ward 15 - Kitchissippi,Jeff Leiper,5050035.0,FATAL,-75.71118084,45.39790463,January
419,2024-02-05 05:00:00,400,2024,2024-02-05 05:00:00,400,2024,Night,Monday,1,North Gower,12,West,Ward 21 - Rideau-Jock,David Brown,5050200.02,UNKNOWN,-75.69851066,45.20422447,February
420,2024-02-11 05:00:00,1900,2024,2024-02-11 05:00:00,1900,2024,Evening,Sunday,7,Braemar Park - Bel Air Heights - Copeland Park,17,West,Ward 8 - College,Laine Johnson,5050024.0,UNKNOWN,-75.7634325,45.35479874,February
421,2024-02-17 05:00:00,200,2024,2024-02-17 05:00:00,2000,2024,Evening,Saturday,6,OrlZans Central,31,East,Ward 2 - OrlZans West-Innes,Laura Dudas,5050124.01,MAJOR,-75.52925127,45.46905889,February
422,2024-02-19 05:00:00,300,2024,2024-02-19 05:00:00,300,2024,Night,Monday,1,Byward Market,24,Central,Ward 12 - Rideau-Vanier,StZphanie Plante,5050054.0,MINOR,-75.68871575,45.42750709,February
423,2024-02-26 05:00:00,200,2024,2024-02-26 05:00:00,2100,2024,Evening,Monday,1,Cummings,32,East,Ward 11 - Beacon Hill-Cyrville,Tim Tierney,5050122.03,MAJOR,-75.62744936,45.42357269,February
424,2024-02-28 05:00:00,200,2024,2024-02-28 05:00:00,2300,2024,Evening,Wednesday,3,Carp,11,West,Ward 5 - West Carleton-March,Clarke Kelly,5050300.01,UNKNOWN,-76.02328249,45.33454599,February
425,2024-03-09 05:00:00,600,2024,2024-03-09 05:00:00,600,2024,Morning,Saturday,6,Iris,15,West,Ward 8 - College,Laine Johnson,5050027.0,NONE,-75.78604733,45.34274001,March
426,2024-03-18 05:00:00,1800,2024,2024-03-18 05:00:00,1800,2024,Evening,Monday,1,Kanata Lakes - Marchwood Lakeside - Morgan's Grant - Kanata North Business Park,13,West,Ward 4 - Kanata North,Cathy Curry,5050160.15,NONE,-75.93130575,45.30587941,March
427,2024-03-21 05:00:00,1000,2024,2024-03-18 05:00:00,1800,2024,Evening,Monday,1,Kanata Lakes - Marchwood Lakeside - Morgan's Grant - Kanata North Business Park,13,West,Ward 4 - Kanata North,Cathy Curry,5050160.15,NONE,-75.93130575,45.30587941,March
428,2024-03-24 05:00:00,200,2024,2024-03-24 05:00:00,2300,2024,Evening,Sunday,7,Britannia Village,14,West,Ward 7 - Bay,Theresa Kavanagh,5050029.0,UNKNOWN,-75.8011136,45.35775682,March
429,2024-03-27 05:00:00,1400,2024,2024-03-27 05:00:00,1400,2024,Afternoon,Wednesday,3,Crestview - Meadowlands,17,West,Ward 8 - College,Laine Johnson,5050133.0,MAJOR,-75.75243998,45.34730334,March
430,2024-04-01 05:00:00,700,2024,2024-04-01 05:00:00,0,2024,Night,Monday,1,Laurentian,14,West,Ward 15 - Kitchissippi,Jeff Leiper,5050033.01,NONE,-75.75109698,45.3804279,April
431,2024-04-07 05:00:00,1600,2024,2024-03-24 05:00:00,1600,2024,Afternoon,Sunday,7,Island Park,21,Central,Ward 15 - Kitchissippi,Jeff Leiper,5050044.0,UNKNOWN,-75.73526665,45.3957369,March
432,2024-05-19 05:00:00,400,2024,2024-05-19 05:00:00,400,2024,Night,Sunday,7,Hawthorne Meadows - Sheffield Glen,33,East,Ward 18 - Alta Vista,Marty Carr,5050010.0,UNKNOWN,-75.61097387,45.3924442,May
433,2024-05-23 05:00:00,200,2024,2024-05-23 05:00:00,2100,2024,Evening,Thursday,4,Cummings,32,East,Ward 11 - Beacon Hill-Cyrville,Tim Tierney,5050122.01,MAJOR,-75.63356436,45.42603888,May
434,2024-05-31 05:00:00,200,2024,2024-05-31 05:00:00,0,2024,Night,Friday,5,Overbrook - McArthur,25,Central,Ward 13 - Rideau-Rockcliffe,Rawlson King,5050012.0,MAJOR,-75.64800839,45.43064774,May
435,2024-06-12 05:00:00,1600,2024,2024-06-12 05:00:00,1600,2024,Afternoon,Wednesday,3,Lowertown,24,Central,Ward 12 - Rideau-Vanier,StZphanie Plante,5050056.0,MAJOR,-75.68510104,45.43327524,June
436,2024-06-15 05:00:00,300,2024,2024-06-15 05:00:00,300,2024,Night,Saturday,6,Byward Market,24,Central,Ward 12 - Rideau-Vanier,StZphanie Plante,5050054.0,MAJOR,-75.6896914,45.42710422,June
437,2024-06-17 05:00:00,200,2024,2024-06-17 05:00:00,2000,2024,Evening,Monday,1,Britannia Village,14,West,Ward 7 - Bay,Theresa Kavanagh,5050029.0,UNKNOWN,-75.80146297,45.36029292,June
438,2024-06-22 05:00:00,200,2024,2024-06-22 05:00:00,200,2024,Night,Saturday,6,Byward Market,24,Central,Ward 12 - Rideau-Vanier,StZphanie Plante,5050054.0,MAJOR,-75.68830982,45.42677768,June
439,2024-06-28 05:00:00,200,2024,2024-06-28 05:00:00,2100,2024,Evening,Friday,5,Rockcliffe - Manor Park,25,Central,Ward 13 - Rideau-Rockcliffe,Rawlson King,5050059.0,UNKNOWN,-75.65370094,45.4510711,June
440,2024-07-02 05:00:00,0,2024,2024-07-02 05:00:00,0,2024,Night,Tuesday,2,Byward Market,24,Central,Ward 12 - Rideau-Vanier,StZphanie Plante,5050054.0,MAJOR,-75.69303402,45.42906621,July
441,2024-07-18 05:00:00,200,2024,2024-07-18 05:00:00,2000,2024,Evening,Thursday,4,Byward Market,24,Central,Ward 12 - Rideau-Vanier,StZphanie Plante,5050054.0,NONE,-75.69303402,45.42906621,July
442,2024-07-26 05:00:00,200,2024,2024-07-26 05:00:00,2100,2024,Evening,Friday,5,Riverside Park,34,East,Ward 16 - River,Riley Brockington,5050003.0,NONE,-75.69875888,45.37577408,July
443,2024-08-04 05:00:00,1700,2024,2024-08-04 05:00:00,1700,2024,Afternoon,Sunday,7,Braemar Park - Bel Air Heights - Copeland Park,17,West,Ward 8 - College,Laine Johnson,5050024.0,UNKNOWN,-75.75758167,45.35616689,August
444,2024-08-07 05:00:00,200,2024,2024-08-07 05:00:00,2200,2024,Evening,Wednesday,3,Hunt Club Park,33,East,Ward 10 - Gloucester-Southgate,Jessica Bradley,5050001.08,NONE,-75.620592,45.3709578,August
445,2024-08-10 05:00:00,200,2024,2024-08-10 05:00:00,200,2024,Night,Saturday,6,Glebe - Dows Lake,22,Central,Ward 17 - Capital,Shawn Menard,5050018.0,UNKNOWN,-75.68399583,45.40022467,August
446,2024-09-10 05:00:00,200,2024,2024-09-10 05:00:00,2000,2024,Evening,Tuesday,2,Hawthorne Meadows - Sheffield Glen,33,East,Ward 18 - Alta Vista,Marty Carr,5050010.0,MINOR,-75.61097387,45.3924442,September
447,2024-09-20 05:00:00,1400,2024,2024-09-20 05:00:00,1400,2024,Afternoon,Friday,5,Byward Market,24,Central,Ward 12 - Rideau-Vanier,StZphanie Plante,5050054.0,UNKNOWN,-75.6896914,45.42710422,September
448,2024-09-22 05:00:00,200,2024,2024-09-22 05:00:00,2200,2024,Evening,Sunday,7,Vanier North,25,Central,Ward 12 - Rideau-Vanier,StZphanie Plante,5050103.0,MAJOR,-75.66342608,45.44070024,September
449,2024-09-25 05:00:00,0,2024,2024-09-25 05:00:00,0,2024,Night,Wednesday,3,Carlington,21,Central,Ward 16 - River,Riley Brockington,5050021.0,UNKNOWN,-75.72813938,45.37660359,September
450,2024-10-12 05:00:00,400,2024,2024-10-12 05:00:00,400,2024,Night,Saturday,6,Tanglewood,17,West,Ward 9 - Knoxdale-Merivale,Sean Devine,5050130.02,UNKNOWN,-75.74508197,45.33633944,October
451,2024-11-09 05:00:00,1700,2024,2024-11-09 05:00:00,300,2024,Night,Saturday,6,Britannia Village,14,West,Ward 7 - Bay,Theresa Kavanagh,5050029.0,NONE,-75.8011136,45.35775682,November
452,2024-11-18 05:00:00,1800,2024,2024-11-18 05:00:00,1800,2024,Evening,Monday,1,East Industrial,33,East,Ward 18 - Alta Vista,Marty Carr,5050011.01,UNKNOWN,-75.64031018,45.4105791,November
453,2024-11-23 05:00:00,800,2024,2024-11-22 05:00:00,2100,2024,Evening,Friday,5,Woodroffe - Lincoln Heights,14,West,Ward 7 - Bay,Theresa Kavanagh,5050031.0,UNKNOWN,-75.78210744,45.37160689,November
454,2024-12-04 05:00:00,0,2024,2024-12-04 05:00:00,0,2024,Night,Wednesday,3,Riverside Park,34,East,Ward 16 - River,Riley Brockington,5050003.0,MAJOR,-75.68777085,45.36960501,December
455,2024-12-31 05:00:00,800,2024,2024-12-31 05:00:00,800,2024,Morning,Tuesday,2,Glebe - Dows Lake,22,Central,Ward 17 - Capital,Shawn Menard,5050036.0,NONE,-75.69637802,45.40324563,December
456,2024-12-31 05:00:00,1400,2024,2024-12-31 05:00:00,1400,2024,Afternoon,Tuesday,2,Lowertown,24,Central,Ward 12 - Rideau-Vanier,StZphanie Plante,5050056.0,UNKNOWN,-75.68445389,45.43441009,December
